302,Messi,94,Argentina,180000
254,Ronaldo,94,Portugal,168000
302,Neymar Jr,92,Brazil,220000
328,Hazard,91,Belgium,147000
253,De Bruyne,91,Belgium,136500
328,Modric,91,Croatia,189000
37,Suarez,91,Uruguay,126000
218,Chiellini,90,Italy,160000
37,Oblak,90,Slovenia,130000
328,Kroos,90,Germany,130000
141,Lewandowski,90,Poland,180000
404,Kane,90,England,110000
37,Godin,90,Uruguay,110000
85,Kante,89,France,104500
328,Courtois,89,Belgium,133000
218,Dybala,89,Argentina,152000
244,Salah,89,Egypt,171000
139,Ter Stegen,89,Germany,114000
302,Cavani,89,Uruguay,133000
37,Griezmann,89,France,152000
141,Neuer,89,Germany,180500
139,Aguero,89,Argentina,142500
328,Bale,88,Wales,153000
254,Pogba,88,France,99000
211,Handanovic,88,Slovenia,171000
244,Van Dijk,88,Netherlands,153000
302,Buffon,88,Italy,162000
404,Eriksen,88,Denmark,171000
404,Lloris,88,France,153000
302,Mbappe,88,France,180000
56,Reus,88,Germany,153000
273,Koulibaly,88,Senegal,99000
141,Hummels,88,Germany,125999
273,Insigne,88,Italy,99000
30,Aubameyang,88,Gabon,99000
85,Higuain,87,Argentina,127500
211,Icardi,87,Argentina,136000
236,Immobile,87,Italy,153000
404,Alderweireld,87,Belgium,153000
253,Sterling,87,England,93500
328,Navas,87,Costa Rica,144500
139,Umtiti,87,France,136000
141,Rodriguez,87,Colombia,110500
139,Rakitic,87,Croatia,93500
273,Mertens,87,Belgium,110500
404,Vertonghen,87,Belgium,144500
141,Muller,86,Germany,120000
328,Benzema,86,France,128000
244,Mane,86,Senegal,128000
218,Pjanic,86,Bosnia Herzegovina,120000
253,Sane,86,Germany,104000
302,Verratti,86,Italy,144000
328,Varane,86,France,104000
211,Skriniar,86,Slovakia,144000
141,Kimmich,86,Germany,112000
218,Szczesny,86,Poland,152000
218,Bonucci,86,Italy,160000
254,Lukaku,86,Belgium,104000
211,Perisic,85,Croatia,105000
302,Di Maria,85,Argentina,142500
30,Lacazette,85,France,127500
211,Nainggolan,85,Belgium,112500
336,Dzeko,85,Bosnia Herzegovina,112500
232,Ibrahimovic,85,Sweden,142500
404,Son,85,Korea Republic,135000
155,Brahimi,85,Algeria,127500
253,Mahrez,85,Algeria,127500
56,Witsel,85,Belgium,135000
253,Kompany,85,Belgium,112500
404,Alli,85,England,82500
218,Matuidi,85,France,97500
336,Manolas,85,Greece,112500
141,Boateng,85,Germany,97500
139,Vidal,85,Chile,142500
30,Ozil,85,Germany,142500
288,Lopes,85,Portugal,142500
218,Mandzukic,85,Croatia,127500
253,Laporte,85,France,97500
236,Milinkovic-Savic,85,Serbia,105000
9,Ziyech,84,Morocco,98000
404,Sanchez,84,Colombia,98000
56,Burki,84,Switzerland,77000
33,Gomez,84,Argentina,126000
316,Werner,84,Germany,140000
254,Sanchez,84,Chile,84000
253,Gundogan,84,Germany,140000
139,Dembele,84,France,119000
5,Ruffier,84,France,133000
218,Khedira,84,Germany,77000
369,Banega,84,Argentina,91000
141,Robben,84,Netherlands,84000
218,Cuadrado,84,Colombia,84000
254,Martial,84,France,133000
37,Gimenez,84,Uruguay,126000
253,Walker,84,England,119000
288,Depay,84,Netherlands,119000
218,Perin,84,Italy,112000
141,Alaba,84,Austria,105000
57,Sommer,84,Switzerland,105000
44,Hradecky,84,Finland,91000
254,Matic,84,Serbia,105000
288,Fekir,84,France,84000
211,De Vrij,84,Netherlands,105000
289,Thauvin,84,France,105000
253,Otamendi,84,Argentina,140000
141,Sule,84,Germany,91000
253,Stones,83,England,123500
57,Hazard,83,Belgium,104000
44,Bender,83,Germany,71500
37,Lemar,83,France,91000
261,Donnarumma,83,Italy,97500
141,Ribery,83,France,97500
244,Keita,83,Guinea,84500
244,Robertson,83,Scotland,78000
255,Visca,83,Bosnia Herzegovina,91000
141,Coman,83,France,104000
30,Leno,83,Germany,110500
141,Tolisso,83,France,91000
425,Casteels,83,Belgium,97500
136,Pickford,83,England,130000
254,Rashford,83,England,104000
85,Kovacic,83,Croatia,78000
289,Payet,83,France,71500
244,Wijnaldum,83,Netherlands,123500
218,Barzagli,83,Italy,123500
236,Acerbi,83,Italy,78000
402,Sirigu,83,Italy,117000
369,Promes,83,Netherlands,97500
336,De Rossi,83,Italy,91000
302,Kimpembe,83,France,110500
398,Kramaric,83,Croatia,130000
141,Goretzka,83,Germany,97500
398,Baumann,83,Germany,71500
47,Carrasco,83,Belgium,71500
336,Kolarov,83,Serbia,123500
198,Jarstein,83,Norway,78000
261,Romagnoli,83,Italy,78000
383,Dost,83,Netherlands,97500
148,Horn,83,Germany,91000
136,Gueye,83,Senegal,78000
9,De Ligt,83,Netherlands,110500
37,Savic,83,Montenegro,110500
316,Kampl,83,Slovenia,110500
141,Gnabry,83,Germany,123500
37,Hernandez,83,France,97500
242,Schmeichel,83,Denmark,84500
302,Rabiot,83,France,84500
302,Draxler,83,Germany,117000
369,Ben Yedder,82,France,96000
418,Garay,82,Argentina,96000
296,Lozano,82,Mexico,90000
369,Vazquez,82,Argentina,66000
56,Delaney,82,Denmark,66000
416,Coates,82,Uruguay,114000
218,Rugani,82,Italy,96000
360,Quagliarella,82,Italy,84000
85,Rudiger,82,Germany,96000
44,Bellarabi,82,Germany,90000
261,Biglia,82,Argentina,72000
46,Bakambu,82,DR Congo,78000
242,Vardy,82,England,96000
316,Forsberg,82,Sweden,90000
30,Cech,82,Czech Republic,108000
117,Gaitan,82,Argentina,66000
316,Gulacsi,82,Hungary,96000
437,Arnautovic,82,Austria,96000
242,Maguire,82,England,108000
30,Mustafi,82,Germany,108000
244,Shaqiri,82,Switzerland,90000
9,De Jong,82,Netherlands,72000
261,Bonaventura,82,Italy,108000
273,Milik,82,Poland,66000
157,Sane,82,Senegal,120000
35,Martinez,82,Venezuela,96000
336,Fazio,82,Argentina,102000
289,Mandanda,82,France,108000
357,Kruse,82,Germany,78000
367,Consigli,82,Italy,72000
398,Demirbay,82,Germany,72000
30,Ramsey,82,Wales,78000
357,Pavlenka,82,Czech Republic,66000
258,Herrera,82,Mexico,78000
327,Guardado,82,Mexico,90000
4,Glik,82,Poland,78000
112,Zaha,82,Ivory Coast,114000
244,Henderson,82,England,120000
37,Partey,82,Ghana,66000
404,Trippier,82,England,102000
327,Lo Celso,82,Argentina,114000
218,Bernardeschi,82,Italy,78000
302,Meunier,82,Belgium,108000
273,Zielinski,82,Poland,102000
4,Subasic,82,Croatia,108000
354,Viviano,82,Italy,120000
247,Corluka,82,Croatia,90000
213,Giovinco,82,Italy,66000
30,Mkhitaryan,82,Armenia,96000
136,Sigurthsson,82,Iceland,102000
402,Belotti,82,Italy,120000
139,Cillessen,82,Netherlands,96000
157,Fahrmann,82,Germany,120000
336,Florenzi,82,Italy,78000
131,Haller,82,France,78000
236,Parolo,82,Italy,78000
30,Koscielny,82,France,78000
30,Torreira,82,Uruguay,66000
236,Strakosha,82,Albania,114000
139,Lenglet,82,France,108000
289,Strootman,82,Netherlands,108000
289,Balotelli,82,Italy,72000
268,Lecomte,82,France,120000
47,Dembele,82,Belgium,84000
44,Tah,82,Germany,78000
85,Giroud,82,France,84000
211,Politano,82,Italy,114000
254,Lingard,82,England,114000
254,Lindelof,81,Sweden,66000
9,Tadic,81,Serbia,110000
404,Lamela,81,Argentina,82500
398,Schulz,81,Germany,110000
418,Kondogbia,81,Central African Rep.,77000
57,Plea,81,France,99000
30,Xhaka,81,Switzerland,104500
273,Verdi,81,Italy,66000
211,Vrsaljko,81,Croatia,77000
258,Corona,81,Mexico,88000
157,Nastasic,81,Serbia,99000
336,El Shaarawy,81,Italy,82500
211,Brozovic,81,Croatia,99000
57,Stindl,81,Germany,93500
33,Ilicic,81,Slovenia,77000
56,Guerreiro,81,Portugal,82500
56,Gotze,81,Germany,104500
353,Salvio,81,Argentina,71500
44,Bender,81,Germany,104500
253,Mendy,81,France,77000
44,Havertz,81,Germany,99000
56,Akanji,81,Switzerland,99000
273,Ghoulam,81,Algeria,66000
398,Vogt,81,Germany,99000
247,Smolov,81,Russia,77000
244,Milner,81,England,82500
316,Sabitzer,81,Austria,99000
244,Lovren,81,Croatia,82500
131,Trapp,81,Germany,71500
402,Zaza,81,Italy,110000
404,Rose,81,England,104500
248,Vela,81,Mexico,66000
44,Volland,81,Germany,60500
44,Brandt,81,Germany,99000
13,Gomis,81,France,93500
254,Bailly,81,Ivory Coast,71500
57,Ginter,81,Germany,88000
383,Mathieu,81,France,104500
57,Kramer,81,Germany,88000
247,Howedes,81,Germany,88000
37,Correa,81,Argentina,99000
425,Roussillon,81,France,88000
56,Piszczek,81,Poland,82500
279,Almiron,81,Paraguay,82500
175,Muslera,81,Uruguay,82500
181,Stuani,81,Uruguay,88000
261,Bakayoko,81,France,104500
336,Pastore,81,Argentina,82500
369,Kjer,81,Denmark,66000
44,Bailey,81,Jamaica,82500
434,Doucoure,81,France,77000
302,Areola,81,France,88000
139,Boateng,81,Ghana,60500
242,Ndidi,81,Nigeria,66000
44,Aranguiz,81,Chile,99000
353,Fejsa,81,Serbia,77000
437,Fabianski,81,Poland,71500
131,Jovic,81,Serbia,71500
155,Marega,81,Mali,99000
136,Digne,81,France,99000
336,Nzonzi,81,France,104500
9,Tagliafico,80,Argentina,75000
169,Pezzella,80,Argentina,85000
317,Gomez,80,Uruguay,90000
211,Candreva,80,Italy,95000
336,Perotti,80,Argentina,65000
254,Smalling,80,England,100000
288,Aouar,80,France,90000
105,Quintero,80,Colombia,65000
173,Seri,80,Ivory Coast,55000
316,Poulsen,80,Denmark,90000
427,Bacca,80,Colombia,55000
120,Inui,80,Japan,95000
261,Calhanoglu,80,Turkey,80000
218,Can,80,Germany,90000
401,Gignac,80,France,90000
434,Pereyra,80,Argentina,85000
289,Sanson,80,France,95000
254,Romero,80,Argentina,100000
244,Oxlade-Chamberlain,80,England,85000
112,Batshuayi,80,Belgium,90000
148,Modeste,80,France,60000
289,Rami,80,France,70000
425,Guilavogui,80,France,85000
269,Piatti,80,Argentina,80000
115,Rooney,80,England,55000
311,Valeri,80,Argentina,65000
322,Lopez,80,Argentina,90000
331,Rulli,80,Argentina,70000
50,Kagawa,80,Japan,70000
141,Ulreich,80,Germany,100000
261,Rodriguez,80,Switzerland,55000
423,Didavi,80,Germany,95000
402,Nkoulou,80,Cameroon,60000
28,Acuna,80,Argentina,70000
131,Rebic,80,Croatia,85000
56,Dahoud,80,Germany,55000
296,Bergwijn,80,Netherlands,75000
391,Butland,80,England,80000
177,Criscito,80,Italy,100000
153,Tatarusanu,80,Romania,95000
404,Dier,80,England,70000
61,Ryan,80,Australia,95000
195,Mascherano,80,Argentina,85000
404,Davies,80,Wales,75000
28,Armani,80,Argentina,65000
5,M'Vila,80,France,55000
5,Perrin,80,France,85000
273,Hysaj,80,Albania,90000
9,Onana,80,Cameroon,75000
437,Balbuena,80,Paraguay,95000
234,Pepe,80,Ivory Coast,65000
437,Yarmolenko,80,Ukraine,95000
295,Akinfeev,80,Russia,60000
261,Caldara,80,Italy,90000
50,Vida,80,Croatia,90000
327,Mandi,80,Algeria,75000
296,De Jong,80,Netherlands,75000
437,Lanzini,80,Argentina,55000
58,Ake,80,Netherlands,65000
189,Zahavi,80,Israel,70000
56,Toprak,80,Turkey,85000
45,Fernandez,80,Argentina,85000
78,Aboubakar,80,Cameroon,75000
169,Muriel,80,Colombia,100000
296,Zoet,80,Netherlands,60000
398,Kaderabek,80,Czech Republic,70000
244,Matip,80,Cameroon,65000
87,Sorrentino,80,Italy,60000
211,Vecino,80,Uruguay,85000
167,Skrtel,80,Slovakia,55000
211,Balde,80,Senegal,55000
9,Blind,80,Netherlands,95000
139,Murillo,80,Colombia,100000
85,Christensen,80,Denmark,85000
56,Weigl,80,Germany,75000
369,Vaclik,80,Czech Republic,85000
254,Shaw,80,England,95000
418,Gameiro,80,France,55000
167,Valbuena,80,France,60000
247,Denisov,80,Russia,80000
370,Stepanenko,80,Ukraine,65000
288,Ndombele,80,France,100000
404,Aurier,80,Ivory Coast,90000
236,Radu,80,Romania,100000
261,Musacchio,80,Argentina,80000
302,Paredes,80,Argentina,55000
395,Granqvist,80,Sweden,75000
77,Birsa,80,Slovenia,65000
425,Brooks,79,United States,90000
416,Campana,79,Uruguay,90000
99,Vanaken,79,Belgium,85500
57,Hofmann,79,Germany,85500
418,Wass,79,Denmark,62999
44,Alario,79,Argentina,90000
353,Cervi,79,Argentina,85500
418,Coquelin,79,France,90000
136,Keane,79,England,54000
56,Diallo,79,France,76500
244,Alexander-Arnold,79,England,90000
138,Gouweleeuw,79,Netherlands,67500
423,Pavard,79,France,85500
434,Foster,79,England,90000
434,Capoue,79,France,62999
316,Demme,79,Germany,76500
58,Lerma,79,Colombia,72000
33,Masiello,79,Italy,67500
66,Guthmundsson,79,Iceland,90000
236,Badelj,79,Croatia,67500
273,Ospina,79,Colombia,67500
198,Rekik,79,Netherlands,67500
166,Gbamin,79,Ivory Coast,62999
153,Rongier,79,France,58500
254,Young,79,England,76500
156,Dabbur,79,Israel,62999
404,Wanyama,79,Kenya,54000
288,Mendy,79,France,54000
442,Dendoncker,79,Belgium,58500
4,Jovetic,79,Montenegro,81000
136,Coleman,79,Republic of Ireland,81000
254,Valencia,79,Ecuador,54000
53,Pavon,79,Argentina,54000
195,Lavezzi,79,Argentina,81000
35,Martinez,79,Argentina,76500
50,Karius,79,Germany,81000
50,Yilmaz,79,Turkey,62999
157,Rudy,79,Germany,54000
331,Januzaj,79,Belgium,76500
112,Milivojevic,79,Serbia,85500
343,Smolnikov,79,Russia,85500
128,Tsygankov,79,Ukraine,90000
85,Zappacosta,79,Italy,85500
37,Arias,79,Colombia,90000
53,Marcone,79,Argentina,72000
398,Hubner,79,Germany,76500
37,Kalinic,79,Croatia,72000
427,Toko-Ekambi,79,Cameroon,81000
236,Correa,79,Argentina,76500
284,Saint-Maximin,79,France,76500
50,Ljajic,79,Serbia,72000
254,Rojo,79,Argentina,58500
86,Schweinsteiger,79,Germany,58500
56,Sancho,79,England,54000
369,Mercado,79,Argentina,90000
30,Kolasinac,79,Bosnia Herzegovina,72000
50,Medel,79,Chile,49500
157,Stambouli,79,France,58500
402,Baselli,79,Italy,49500
401,Pizarro,79,Argentina,85500
293,Wernbloom,79,Sweden,81000
157,Caligiuri,79,Italy,49500
66,Heaton,79,England,76500
302,Kehrer,79,Germany,58500
316,Orban,79,Hungary,72000
357,Eggestein,79,Germany,72000
173,Babel,79,Netherlands,85500
169,Chiesa,79,Italy,62999
131,Hasebe,79,Japan,67500
138,Finnbogason,79,Iceland,54000
357,Klaassen,79,Netherlands,85500
66,Pope,79,England,90000
244,Lallana,79,England,81000
437,Nasri,79,France,62999
56,Hitz,79,Switzerland,62999
244,Sturridge,79,England,76500
336,Pellegrini,79,Italy,90000
157,Uth,79,Germany,85500
58,Wilson,79,England,67500
58,Clyne,79,England,72000
253,Delph,79,England,85500
66,Tarkowski,79,England,81000
327,Feddal,79,Morocco,85500
255,Belozoglu,79,Turkey,81000
437,Wilshere,79,England,49500
136,Walcott,79,England,76500
423,Gomez,79,Germany,76500
85,Cahill,79,England,81000
128,Verbic,79,Slovenia,49500
381,Zobnin,79,Russia,72000
360,Ramirez,79,Uruguay,81000
136,Zouma,79,France,62999
388,Ben Arfa,79,France,67500
437,Hernandez,79,Mexico,62999
138,Gregoritsch,79,Austria,62999
343,Lunev,79,Russia,76500
288,Tousart,79,France,90000
33,Zapata,79,Colombia,90000
347,Dmitrovic,79,Serbia,76500
211,Martinez,79,Argentina,58500
261,Kessie,79,Ivory Coast,81000
317,Boudebouz,79,Algeria,62999
211,Asamoah,79,Ghana,58500
85,Barkley,79,England,58500
66,Defour,79,Belgium,62999
5,Khazri,79,Tunisia,85500
279,Dubravka,79,Slovakia,72000
175,Belhanda,79,Morocco,72000
254,Jones,79,England,67500
53,Benedetto,79,Argentina,81000
148,Hector,79,Germany,90000
379,Vestergaard,79,Denmark,90000
198,Kalou,79,Ivory Coast,85500
169,Veretout,79,France,90000
168,Berghuis,79,Netherlands,58500
404,Winks,79,England,54000
181,Bounou,79,Morocco,67500
175,Feghouli,79,Algeria,49500
335,Pratto,79,Argentina,85500
4,Sidibe,79,France,67500
143,Costil,79,France,49500
112,Sakho,79,France,81000
423,Zieler,79,Germany,67500
273,Karnezis,78,Greece,56000
5,Cabella,78,France,48000
173,Mitrovic,78,Serbia,52000
156,Samassekou,78,Mali,68000
5,Debuchy,78,France,64000
169,Lafont,78,France,68000
236,Marusic,78,Montenegro,68000
379,Bertrand,78,England,56000
99,Vormer,78,Netherlands,48000
61,Propper,78,Netherlands,72000
268,Laborde,78,France,72000
85,Loftus-Cheek,78,England,48000
360,Defrel,78,France,44000
167,Moses,78,Nigeria,68000
218,De Sciglio,78,Italy,72000
138,Baier,78,Germany,72000
336,Under,78,Turkey,68000
136,Mina,78,Colombia,72000
434,Holebas,78,Greece,76000
157,Konoplyanka,78,Ukraine,44000
398,Amiri,78,Germany,60000
58,Begovic,78,Bosnia Herzegovina,52000
387,Fajr,78,Morocco,72000
112,Meyer,78,Germany,72000
66,Hart,78,England,68000
288,Traore,78,Burkina Faso,80000
273,Maksimovic,78,Serbia,56000
172,Sportiello,78,Italy,64000
156,Junuzovic,78,Austria,72000
425,Arnold,78,Germany,64000
44,Baumgartlinger,78,Austria,76000
257,Honda,78,Japan,52000
425,Weghorst,78,Netherlands,76000
287,Fortounis,78,Greece,76000
53,Diaz,78,Argentina,72000
131,Kostic,78,Serbia,76000
381,Selikhov,78,Russia,64000
202,Schindler,78,Germany,68000
418,Cheryshev,78,Russia,80000
261,Laxalt,78,Uruguay,76000
131,Abraham,78,Argentina,68000
56,Hakimi,78,Morocco,60000
284,Cyprien,78,France,52000
318,Lala,78,France,48000
177,Sanabria,78,Paraguay,64000
288,Denayer,78,Belgium,56000
66,Mee,78,England,68000
131,Da Costa,78,Germany,80000
4,Golovin,78,Russia,76000
58,Cook,78,England,44000
268,Aguilar,78,France,76000
111,Hernandez,78,Mexico,72000
56,Philipp,78,Germany,68000
153,Pallois,78,France,52000
242,Tielemans,78,Belgium,64000
131,Hinteregger,78,Austria,44000
405,Gradel,78,Ivory Coast,56000
316,Halstenberg,78,Germany,52000
77,Castro,78,Argentina,80000
344,Schwolow,78,Germany,48000
136,Schneiderlin,78,France,56000
317,Sisto,78,Denmark,68000
247,Farfan,78,Peru,48000
187,Vlachodimos,78,Greece,60000
279,Shelvey,78,England,44000
169,Simeone,78,Argentina,68000
202,Mooy,78,Australia,68000
232,Alessandrini,78,France,64000
354,Lazzari,78,Italy,48000
253,Bravo,78,Chile,76000
288,Dubois,78,France,52000
284,Lees-Melou,78,France,76000
321,Trebel,78,France,68000
28,Meza,78,Argentina,60000
437,Antonio,78,England,64000
56,Pulisic,78,United States,52000
77,Pavoletti,78,Italy,64000
58,Fraser,78,Scotland,64000
336,Olsen,78,Sweden,72000
242,Chilwell,78,England,80000
157,Bentaleb,78,Algeria,64000
178,Djene,78,Togo,68000
317,Lobotka,78,Slovakia,64000
360,Saponara,78,Italy,80000
77,Cragno,78,Italy,80000
289,Sakai,78,Japan,56000
168,Van Persie,78,Netherlands,80000
218,Bentancur,78,Uruguay,68000
218,Caceres,78,Uruguay,48000
181,Mojica,78,Colombia,44000
11,Al Soma,78,Syria,56000
405,Reynet,78,France,72000
169,Mirallas,78,Belgium,48000
343,Dzyuba,78,Russia,56000
244,Gomez,78,England,60000
28,Battaglia,78,Argentina,48000
442,Jimenez,78,Mexico,68000
61,Dunk,78,England,76000
221,Trossard,78,Belgium,48000
136,Tosun,78,Turkey,60000
398,Bittencourt,78,Germany,52000
273,Chiriches,78,Romania,64000
379,Lemina,78,Gabon,76000
77,Barella,78,Italy,52000
284,Benitez,78,Argentina,48000
105,Barrios,78,Colombia,48000
202,Kongolo,78,Netherlands,44000
211,Gagliardini,78,Italy,64000
168,Vilhena,78,Netherlands,80000
112,Tomkins,78,England,60000
425,Ginczek,78,Germany,72000
279,Lascelles,78,England,76000
336,Cristante,78,Italy,72000
182,Garcia,78,Uruguay,72000
302,Kurzawa,78,France,60000
50,Lens,78,Netherlands,44000
305,Carrillo,78,Peru,56000
198,Stark,78,Germany,44000
442,Boly,78,France,52000
261,Calabria,78,Italy,64000
157,Harit,78,Morocco,80000
367,Berardi,78,Italy,56000
379,Elyounoussi,78,Norway,80000
53,Izquierdoz,78,Argentina,60000
77,Srna,78,Croatia,80000
88,Hernandez,78,Chile,72000
221,Malinovskyi,78,Ukraine,80000
57,Elvedi,78,Switzerland,76000
30,Iwobi,78,Nigeria,48000
301,Ortiz,77,Paraguay,59500
333,Unal,77,Turkey,38500
236,Lukaku,77,Belgium,59500
140,Suchy,77,Czech Republic,49000
296,Gutierrez,77,Mexico,49000
379,McCarthy,77,England,70000
268,Delort,77,France,49000
343,Kuzyaev,77,Russia,52500
178,Suarez,77,Uruguay,49000
30,Elneny,77,Egypt,70000
288,Dembele,77,France,38500
109,Sio,77,Ivory Coast,38500
437,Ogbonna,77,Italy,63000
347,Diop,77,Senegal,70000
258,Layun,77,Mexico,66500
193,Bebou,77,Togo,66500
122,Mancuello,77,Argentina,59500
396,Mbabu,77,Switzerland,63000
181,Espinosa,77,Colombia,63000
301,Villar,77,Paraguay,52500
427,Funes Mori,77,Argentina,56000
442,Doherty,77,Republic of Ireland,70000
44,Kohr,77,Germany,52500
437,Sanchez,77,Colombia,42000
9,Van de Beek,77,Netherlands,56000
360,Tonelli,77,Italy,42000
353,Krovinovic,77,Croatia,70000
202,Jorgensen,77,Denmark,59500
388,Andre,77,France,56000
166,Latza,77,Germany,49000
107,Higuain,77,Argentina,63000
100,Sambueza,77,Argentina,63000
247,Miranchuk,77,Russia,56000
215,Moukandjo,77,Cameroon,52500
402,Izzo,77,Italy,56000
173,Schurrle,77,Germany,52500
70,Szymanowski,77,Argentina,59500
178,Shibasaki,77,Japan,70000
102,Bou,77,Argentina,63000
175,Mitroglou,77,Greece,56000
41,Lainer,77,Austria,52500
255,Babacan,77,Turkey,70000
147,Fischer,77,Denmark,63000
322,Centurion,77,Argentina,59500
319,Ferreyra,77,Argentina,63000
96,Sand,77,Argentina,66500
4,Chadli,77,Belgium,42000
191,Papadopoulos,77,Greece,38500
279,Ritchie,77,Scotland,45500
99,Nakamba,77,Zimbabwe,49000
398,Grillitsch,77,Austria,56000
120,Calleri,77,Argentina,49000
379,Hojbjerg,77,Denmark,66500
321,Mbodji,77,Senegal,45500
90,Rodriguez,77,Argentina,66500
198,Lustenberger,77,Switzerland,49000
434,Hughes,77,England,45500
241,Jansson,77,Sweden,45500
232,Dos Santos,77,Mexico,70000
77,Klavan,77,Estonia,42000
193,Anton,77,Germany,59500
236,Basta,77,Serbia,56000
143,Kamano,77,Guinea,66500
317,Boufal,77,Morocco,38500
402,Meite,77,France,70000
242,Maddison,77,England,59500
296,Hendrix,77,Netherlands,42000
388,Bourigeaud,77,France,63000
55,Poli,77,Italy,38500
53,Abila,77,Argentina,49000
428,Podolski,77,Germany,56000
55,Gonzalez,77,Costa Rica,70000
136,McCarthy,77,Republic of Ireland,70000
56,Schmelzer,77,Germany,56000
411,Barak,77,Czech Republic,45500
61,Grob,77,Germany,49000
318,Sels,77,Belgium,52500
177,Radovanovic,77,Serbia,66500
255,Tasci,77,Germany,38500
167,Aziz,77,Turkey,49000
131,Chandler,77,United States,56000
122,Maidana,77,Argentina,42000
66,Lowton,77,England,42000
434,Janmaat,77,Netherlands,49000
357,Harnik,77,Austria,56000
437,Diop,77,France,52500
33,Freuler,77,Switzerland,42000
371,Ighalo,77,Nigeria,38500
287,Natcho,77,Israel,49000
401,Guzman,77,Argentina,52500
279,Rondon,77,Venezuela,70000
55,Palacio,77,Argentina,63000
383,Ristovski,77,FYR Macedonia,38500
255,Clichy,77,France,56000
324,Defoe,77,England,52500
398,Bicakcic,77,Bosnia Herzegovina,59500
316,Upamecano,77,France,59500
413,Buonanotte,77,Argentina,70000
379,Ward-Prowse,77,England,45500
423,Ascacibar,77,Argentina,70000
57,Strobl,77,Germany,56000
316,Klostermann,77,Germany,66500
411,De Maio,77,France,66500
360,Gabbiadini,77,Italy,49000
198,Darida,77,Czech Republic,45500
336,Schick,77,Czech Republic,38500
44,Dragovic,77,Austria,38500
55,Soriano,77,Italy,52500
167,Ayew,77,Ghana,59500
405,Dossevi,77,Togo,38500
155,Pereira,77,Uruguay,66500
319,Perez,77,Paraguay,56000
322,Cvitanich,77,Argentina,42000
353,Zivkovic,77,Serbia,45500
268,Skhiri,77,Tunisia,45500
128,Garmash,77,Ukraine,66500
242,Albrighton,77,England,42000
61,Murray,77,England,45500
303,Kucka,77,Slovakia,49000
57,Johnson,77,United States,38500
53,Zarate,77,Argentina,63000
136,Jagielka,77,England,42000
322,Donatti,77,Argentina,63000
57,Herrmann,77,Germany,49000
115,Acosta,77,Argentina,38500
317,Yokuslu,77,Turkey,63000
53,Tevez,77,Argentina,52500
43,Hoarau,77,France,45500
120,Maripan,77,Chile,38500
66,Wood,77,New Zealand,45500
148,Terodde,77,Germany,38500
390,Ochoa,77,Mexico,66500
198,Ibisevic,77,Bosnia Herzegovina,70000
388,Sarr,77,Senegal,70000
122,Gigliotti,77,Argentina,66500
335,Pinola,77,Argentina,66500
30,Welbeck,77,England,70000
221,Berge,77,Norway,70000
61,Andone,77,Romania,63000
344,Grifo,77,Italy,63000
411,Lasagna,77,Italy,49000
58,Cook,77,England,42000
370,Pyatov,77,Ukraine,70000
104,Valdivia,77,Chile,38500
123,Cartabia,77,Argentina,70000
28,Marchesin,77,Argentina,66500
381,Dzhikiya,77,Russia,49000
268,Mollet,77,France,56000
169,Benassi,77,Italy,49000
208,Perez,77,Argentina,42000
236,Caicedo,77,Ecuador,66500
402,Rincon,77,Venezuela,49000
411,De Paul,77,Argentina,45500
255,Elia,77,Netherlands,70000
157,Schopf,77,Austria,66500
296,Pereiro,77,Uruguay,59500
219,Odjidja-Ofoe,77,Belgium,38500
193,Muller,77,Germany,42000
402,Ansaldi,77,Argentina,66500
347,Escalante,77,Argentina,56000
57,Lang,77,Switzerland,52500
55,Pulgar,77,Chile,63000
390,Carcela-Gonzalez,77,Morocco,38500
289,Ocampos,77,Argentina,56000
168,Jorgensen,77,Denmark,56000
44,Weiser,77,Germany,70000
261,Cutrone,77,Italy,52500
66,Cork,77,England,49000
360,Ekdal,77,Sweden,66500
120,Guidetti,77,Sweden,63000
30,Lichtsteiner,77,Switzerland,49000
261,Abate,77,Italy,59500
302,Choupo-Moting,77,Cameroon,45500
178,Chichizola,77,Argentina,49000
331,Hernandez,77,France,38500
53,Fabra,77,Colombia,42000
388,Grenier,77,France,70000
383,Gudelj,77,Serbia,42000
14,Sanogo,77,Ivory Coast,49000
14,Prijovic,77,Serbia,59500
193,Fullkrug,77,Germany,59500
25,Gurtner,77,France,66500
288,Tete,77,Netherlands,63000
243,Bardhi,77,FYR Macedonia,52500
57,Wendt,77,Sweden,66500
57,Zakaria,77,Switzerland,49000
401,Aquino,77,Mexico,66500
9,Huntelaar,77,Netherlands,52500
261,Bertolacci,77,Italy,38500
61,Jahanbakhsh,77,Iran,52500
131,De Guzman,77,Netherlands,59500
357,Augustinsson,77,Sweden,63000
418,Piccini,77,Italy,66500
425,Mehmedi,77,Switzerland,52500
244,Origi,77,Belgium,49000
55,Dzemaili,77,Switzerland,49000
84,Pejcinovic,77,Serbia,70000
198,Selke,77,Germany,45500
217,Gutierrez,77,Colombia,63000
9,Schone,77,Denmark,49000
14,El Ahmadi,77,Morocco,45500
295,Vasin,77,Russia,45500
318,Martin,77,France,70000
13,Abdulrahman,77,United Arab Emirates,52500
303,Inglese,77,Italy,49000
93,Civelli,77,Argentina,49000
316,Augustin,77,France,70000
221,Samatta,77,Tanzania,70000
56,Wolf,77,Germany,70000
139,Vermaelen,77,Belgium,66500
128,Sydorchuk,77,Ukraine,66500
347,Orellana,77,Chile,38500
87,Giaccherini,77,Italy,66500
198,Plattenhardt,77,Germany,42000
138,Max,77,Germany,45500
175,Akbaba,77,Turkey,38500
335,Borre,77,Colombia,45500
218,Spinazzola,77,Italy,45500
215,Paletta,77,Italy,49000
322,Dominguez,77,Argentina,45500
171,Stoger,76,Austria,36000
56,Zagadou,76,France,36000
251,N'Diaye,76,Senegal,33000
325,Trejo,76,Argentina,57000
9,Veltman,76,Netherlands,33000
112,Benteke,76,Belgium,60000
310,Martinez,76,Colombia,33000
153,Eysseric,76,France,42000
357,Bargfrede,76,Germany,57000
387,Djiku,76,France,39000
99,Mechele,76,Belgium,57000
166,Bell,76,Germany,42000
419,Montero,76,Colombia,33000
4,Vainqueur,76,France,33000
202,Hogg,76,England,36000
434,Gray,76,England,33000
276,Moralez,76,Argentina,48000
181,Doumbia,76,Ivory Coast,60000
267,Funes Mori,76,Argentina,51000
316,Mukiele,76,France,48000
436,Rodriguez,76,England,45000
198,Skjelbred,76,Norway,57000
88,Castillo,76,Chile,45000
66,Barnes,76,Austria,42000
371,Romero,76,Paraguay,48000
38,Cuadrado,76,Colombia,33000
417,Unnerstall,76,Germany,57000
112,Van Aanholt,76,Netherlands,33000
357,Gebre Selassie,76,Czech Republic,39000
273,Diawara,76,Guinea,60000
406,Yazici,76,Turkey,42000
261,Borini,76,Italy,60000
353,Conti,76,Argentina,45000
411,Teodorczyk,76,Poland,45000
317,Cabral,76,Argentina,48000
50,Gonul,76,Turkey,42000
328,Valverde,76,Uruguay,39000
387,Guilbert,76,France,39000
360,Colley,76,Gambia,57000
243,Vukcevic,76,Montenegro,48000
388,Niang,76,Senegal,42000
289,Lopez,76,France,39000
437,Reid,76,New Zealand,39000
436,Hegazi,76,Egypt,57000
191,Hunt,76,Germany,45000
202,Lossl,76,Denmark,42000
140,Zuffi,76,Switzerland,39000
437,Snodgrass,76,Scotland,36000
4,Aholou,76,Ivory Coast,51000
404,Vorm,76,Netherlands,45000
335,Casco,76,Argentina,51000
236,Berisha,76,Kosovo,42000
140,Widmer,76,Switzerland,57000
357,Rashica,76,Kosovo,39000
50,Hutchinson,76,Canada,57000
362,Blandi,76,Argentina,42000
140,Balanta,76,Colombia,60000
354,Antenucci,76,Italy,33000
398,Belfodil,76,Algeria,42000
293,Paschalakis,76,Greece,60000
157,Embolo,76,Switzerland,33000
335,Palacios,76,Argentina,60000
234,Maignan,76,France,51000
209,Cano,76,Argentina,39000
175,Onyekuru,76,Nigeria,60000
425,Gerhardt,76,Germany,42000
366,Vazquez,76,Mexico,42000
401,Vargas,76,Chile,51000
33,Pasalic,76,Croatia,36000
316,Konate,76,France,54000
437,Noble,76,England,42000
61,Izquierdo,76,Colombia,57000
112,Wan-Bissaka,76,England,42000
82,Benkovic,76,Croatia,42000
331,Zurutuza,76,France,42000
53,Andrada,76,Argentina,57000
198,Kraft,76,Germany,48000
82,Tierney,76,Scotland,60000
168,Clasie,76,Netherlands,39000
169,Pjaca,76,Croatia,36000
296,Viergever,76,Netherlands,45000
399,Acheampong,76,Ghana,39000
264,Opara,76,United States,60000
57,Neuhaus,76,Germany,51000
367,Di Francesco,76,Italy,42000
390,Halilovic,76,Croatia,48000
316,Laimer,76,Austria,48000
423,Castro,76,Germany,54000
330,Rusnak,76,Slovakia,36000
96,Acosta,76,Argentina,54000
357,Veljkovic,76,Serbia,54000
249,Hopf,76,Sweden,51000
82,Rogic,76,Australia,33000
80,Bamba,76,Ivory Coast,57000
273,Malcuit,76,France,33000
381,Hanni,76,Algeria,57000
82,Brown,76,Scotland,51000
353,Samaris,76,Greece,54000
418,Diakhaby,76,France,36000
2,Livaja,76,Croatia,39000
403,Bradley,76,United States,57000
167,Topal,76,Turkey,39000
131,Willems,76,Netherlands,48000
436,Holgate,76,England,45000
293,Pelkas,76,Greece,45000
245,Diamanti,76,Italy,48000
55,Skorupski,76,Poland,54000
211,D'Ambrosio,76,Italy,51000
336,Santon,76,Italy,36000
9,Magallan,76,Argentina,33000
61,Knockaert,76,France,33000
357,Langkamp,76,Germany,60000
398,Rupp,76,Germany,42000
5,Hamouma,76,France,33000
70,El Zhar,76,Morocco,36000
193,Esser,76,Germany,33000
175,Ndiaye,76,Senegal,60000
41,Schlager,76,Austria,33000
208,Benitez,76,Argentina,33000
169,Biraghi,76,Italy,45000
264,Quintero,76,Colombia,45000
354,Gomis,76,Senegal,60000
437,Cresswell,76,England,33000
99,Denswil,76,Netherlands,39000
131,Gacinovic,76,Serbia,60000
279,Muto,76,Japan,45000
178,Arambarri,76,Uruguay,45000
401,Salcedo,76,Mexico,42000
316,Mvogo,76,Switzerland,48000
111,Aguilar,76,Paraguay,45000
423,Zuber,76,Switzerland,51000
388,Koubek,76,Czech Republic,54000
437,Zabaleta,76,Argentina,57000
32,Kalinic,76,Croatia,57000
166,Brosinski,76,Germany,54000
9,Dolberg,76,Denmark,57000
371,Moreno,76,Colombia,33000
94,Rodriguez,76,Argentina,60000
211,Ranocchia,76,Italy,57000
243,Simon,76,Nigeria,54000
436,Dawson,76,England,60000
289,Sarr,76,France,60000
61,Stephens,76,England,36000
66,Westwood,76,England,48000
112,Ayew,76,Ghana,48000
167,Slimani,76,Algeria,33000
131,Rode,76,Germany,42000
204,Dzsudzsak,76,Hungary,51000
351,Soucek,76,Czech Republic,33000
398,Szalai,76,Hungary,51000
344,Heintz,76,Germany,36000
390,Marin,76,Romania,36000
143,Sabaly,76,Senegal,33000
293,El Kaddouri,76,Morocco,39000
255,Turan,76,Turkey,39000
434,Cleverley,76,England,51000
381,Gigot,76,France,36000
289,Germain,76,France,39000
70,Lunin,76,Ukraine,54000
279,Fernandez,76,Argentina,45000
423,Insua,76,Argentina,48000
148,Hoger,76,Germany,48000
257,Toivonen,76,Sweden,33000
143,Karamoh,76,France,57000
208,Bustos,76,Argentina,57000
247,Kverkvelia,76,Georgia,45000
82,Forrest,76,Scotland,54000
2,Mantalos,76,Greece,45000
50,Erkin,76,Turkey,48000
434,Chalobah,76,England,54000
70,Reyes,76,Mexico,57000
30,Holding,76,England,60000
367,Locatelli,76,Italy,39000
370,Ordets,76,Ukraine,45000
66,Brady,76,Republic of Ireland,51000
437,Carroll,76,England,45000
354,Petagna,76,Italy,39000
423,Badstuber,76,Germany,45000
99,Danjuma Groeneveld,76,Netherlands,36000
316,Haidara,76,Mali,33000
125,Sliti,76,Tunisia,42000
279,Clark,76,Republic of Ireland,57000
436,Gayle,76,England,33000
26,Tait,76,France,51000
153,Toure,76,France,33000
311,Blanco,76,Argentina,60000
25,Monconduit,76,France,60000
173,Nordtveit,76,Norway,57000
362,Belluschi,76,Argentina,39000
105,Uribe,76,Colombia,45000
383,Diaby,76,Mali,33000
97,Guinazu,76,Argentina,39000
360,Linetty,76,Poland,60000
354,Paloschi,76,Italy,39000
157,Oczipka,76,Germany,54000
322,Fernandez,76,Argentina,51000
296,Dumfries,76,Netherlands,45000
121,Vargas,76,Colombia,51000
234,Soumaoro,76,France,48000
287,Christodoulopoulos,76,Greece,54000
445,Morrison,76,England,60000
406,Sosa,76,Argentina,48000
379,Ings,76,England,45000
242,Mendy,76,France,39000
112,McArthur,76,Scotland,33000
279,Yedlin,76,United States,60000
32,Grealish,76,England,39000
236,Durmisi,76,Denmark,57000
416,Nandez,76,Uruguay,54000
288,Morel,76,Madagascar,51000
26,Santamaria,76,France,36000
55,Sansone,76,Italy,54000
380,Dockal,76,Czech Republic,33000
132,Caputo,76,Italy,54000
112,Kouyate,76,Senegal,60000
319,Duarte,76,Costa Rica,33000
418,Roncaglia,76,Argentina,33000
44,Jedvaj,76,Croatia,36000
425,Steffen,76,Switzerland,48000
188,Brizuela,76,Mexico,60000
254,Darmian,76,Italy,39000
357,Osako,76,Japan,36000
368,Ruidiaz,76,Peru,33000
33,De Roon,76,Netherlands,60000
381,Bocchetti,76,Italy,51000
322,Sigali,76,Argentina,51000
391,Allen,76,Wales,57000
411,Behrami,76,Switzerland,36000
360,Andersen,76,Denmark,45000
423,Baumgartl,76,Germany,42000
236,Proto,76,Belgium,33000
425,Knoche,76,Germany,45000
366,Orozco,76,Mexico,45000
208,Domingo,76,Argentina,42000
234,Bamba,76,France,45000
148,Koziello,76,France,57000
301,Riveros,76,Paraguay,51000
87,Hetemaj,76,Finland,48000
302,Nkunku,76,France,36000
318,Thomasson,76,France,33000
5,Salibur,76,France,48000
128,Boyko,76,Ukraine,45000
396,Seferovic,76,Switzerland,54000
4,Henrichs,76,Germany,51000
425,Brekalo,76,Croatia,54000
242,Morgan,76,Jamaica,36000
360,Praet,76,Belgium,51000
198,Grujic,76,Serbia,33000
42,Tshabalala,76,South Africa,42000
53,Lopez,76,Argentina,45000
14,Villanueva,76,Chile,51000
58,Smith,76,England,36000
423,Gentner,76,Germany,48000
308,Fabian,76,Mexico,57000
61,Locadia,76,Netherlands,33000
264,Alonso,76,Cuba,54000
136,Baines,76,England,42000
434,Cathcart,76,Northern Ireland,36000
269,Taider,76,Algeria,33000
167,Tekin,76,Turkey,36000
425,Klaus,76,Germany,51000
50,Tore,76,Turkey,60000
267,Pizarro,76,Mexico,60000
261,Piatek,76,Poland,45000
198,Duda,76,Slovakia,45000
379,Austin,76,England,57000
229,Kobayashi,76,Japan,39000
369,Gnagnon,76,France,57000
273,Meret,76,Italy,48000
66,Lennon,76,England,33000
133,Blas,76,France,57000
129,Valencia,76,Ecuador,42000
33,Palomino,76,Argentina,48000
20,Colak,76,Turkey,39000
284,Herelle,76,France,51000
360,Jankto,76,Czech Republic,57000
97,Moreno,76,Colombia,60000
248,Nguyen,76,United States,33000
178,Ndiaye Diedhiou,76,Senegal,54000
253,Mangala,76,France,33000
65,Popov,76,Bulgaria,39000
436,Phillips,76,Scotland,33000
2,Chygrynskyi,76,Ukraine,57000
184,Borges,76,Costa Rica,33000
55,Nagy,76,Hungary,60000
357,Bartels,76,Germany,54000
44,Retsos,75,Greece,47500
208,Franco,75,Argentina,42500
128,Kadar,75,Hungary,30000
301,Alonso,75,Paraguay,47500
268,Lasne,75,France,45000
5,Kolodziejczak,75,France,40000
311,Chara,75,Colombia,45000
367,Ferrari,75,Italy,50000
230,Turuc,75,Turkey,45000
299,Jajalo,75,Bosnia Herzegovina,30000
105,Murillo,75,Colombia,30000
406,Onazi,75,Nigeria,27500
273,Younes,75,Germany,32500
267,Pabon,75,Colombia,37500
143,Briand,75,France,50000
300,Mounier,75,France,27500
57,Drmic,75,Switzerland,40000
133,Roux,75,France,42500
167,Dirar,75,Morocco,45000
325,Imbula,75,France,35000
157,Bruma,75,Netherlands,47500
35,Villalba,75,Paraguay,30000
341,Refaelov,75,Israel,45000
9,Mazraoui,75,Morocco,45000
58,Daniels,75,England,37500
143,Sankhare,75,Senegal,47500
58,Brooks,75,Wales,50000
6,Idrissi,75,Morocco,40000
422,Osorio,75,Venezuela,45000
403,Altidore,75,United States,42500
219,Bronn,75,Tunisia,27500
389,Engels,75,Belgium,45000
258,Corona,75,Mexico,35000
337,Stanciu,75,Romania,47500
360,Audero,75,Italy,27500
175,Donk,75,Netherlands,35000
28,Saravia,75,Argentina,32500
242,Okazaki,75,Japan,45000
177,Marchetti,75,Italy,50000
322,Solari,75,Argentina,45000
191,Holtby,75,Germany,42500
259,Mikel,75,Nigeria,47500
297,Hernandez,75,Mexico,42500
431,Agu,75,Nigeria,32500
109,Fofana,75,Ivory Coast,32500
178,Flamini,75,France,30000
85,Caballero,75,Argentina,35000
112,Hennessey,75,Wales,45000
232,Dos Santos,75,Mexico,35000
87,Rossettini,75,Italy,32500
437,Masuaku,75,DR Congo,45000
379,Yoshida,75,Japan,37500
370,Butko,75,Ukraine,50000
336,Kluivert,75,Netherlands,30000
420,Vargas,75,Argentina,37500
193,Haraguchi,75,Japan,35000
282,Klose,75,Switzerland,47500
344,Niederlechner,75,Germany,45000
369,Gonalons,75,France,42500
321,Didillon,75,France,42500
344,Haberer,75,Germany,47500
171,Ayhan,75,Turkey,42500
344,Gondorf,75,Germany,30000
18,Budescu,75,Romania,35000
288,Cornet,75,Ivory Coast,27500
147,Falk,75,Denmark,50000
284,Sarr,75,France,30000
90,Valdez,75,Paraguay,35000
15,Musa,75,Nigeria,47500
267,Urretaviscaya,75,Uruguay,47500
444,Morozyuk,75,Ukraine,30000
242,Ghezzal,75,Algeria,37500
26,Thomas,75,France,32500
303,Sepe,75,Italy,45000
370,Kryvtsov,75,Ukraine,35000
312,Pearson,75,England,37500
369,Rog,75,Croatia,47500
404,Gazzaniga,75,Argentina,32500
4,Nkoudou,75,France,27500
398,Brenet,75,Netherlands,42500
225,Billiat,75,Zimbabwe,27500
296,Thomas,75,New Zealand,32500
66,Hendrick,75,Republic of Ireland,27500
267,Sanchez,75,Argentina,35000
167,Zajc,75,Slovenia,40000
15,Jones,75,Australia,47500
367,Duncan,75,Ghana,35000
261,Conti,75,Italy,50000
324,McGregor,75,Scotland,37500
22,Torres,75,Colombia,30000
173,Vietto,75,Argentina,32500
383,Petrovic,75,Serbia,45000
411,Zeegelaar,75,Netherlands,27500
321,Kums,75,Belgium,35000
91,Martinez,75,Paraguay,40000
38,Bocanegra,75,Colombia,32500
201,Elis,75,Honduras,35000
136,Lookman,75,England,35000
389,Foket,75,Belgium,40000
279,Schar,75,Switzerland,47500
77,Thereau,75,France,50000
317,Hoedt,75,Netherlands,40000
21,Cisse,75,Senegal,37500
318,Kone,75,Ivory Coast,35000
288,Terrier,75,France,30000
381,Glushakov,75,Russia,42500
305,Cueva,75,Peru,35000
9,Labyad,75,Morocco,27500
295,Hernandez,75,Uruguay,35000
341,Mbokani,75,DR Congo,37500
284,Atal,75,Algeria,45000
283,Soudani,75,Algeria,30000
129,Ibarra,75,Ecuador,42500
268,Congre,75,France,42500
293,Biseswar,75,Netherlands,50000
295,Schennikov,75,Russia,42500
80,Arter,75,Republic of Ireland,32500
26,Capelle,75,France,30000
242,Gray,75,England,42500
276,Ring,75,Finland,32500
444,Umar,75,Nigeria,42500
32,Abraham,75,England,32500
369,Amadou,75,France,40000
166,Quaison,75,Sweden,37500
82,Sinclair,75,England,32500
391,Vokes,75,Wales,40000
112,Dann,75,England,27500
402,De Silvestri,75,Italy,45000
100,Campbell,75,Costa Rica,37500
133,Thuram,75,France,32500
401,Quinones,75,Colombia,47500
325,Kakuta,75,DR Congo,30000
138,Stafylidis,75,Greece,47500
402,Djidji,75,Ivory Coast,30000
221,Mehle,75,Denmark,40000
168,Ayoub,75,Morocco,47500
436,Johnstone,75,England,40000
193,Akpoguma,75,Germany,42500
136,Davies,75,England,35000
198,Lazaro,75,Austria,37500
367,Magnanelli,75,Italy,30000
379,Redmond,75,England,45000
146,Tschauner,75,Germany,50000
423,Aogo,75,Germany,32500
140,Frei,75,Switzerland,47500
90,Peralta,75,Mexico,37500
55,Donsah,75,Ghana,45000
372,Akhmedov,75,Uzbekistan,35000
308,Medunjanin,75,Bosnia Herzegovina,47500
94,Fritzler,75,Argentina,35000
77,Cigarini,75,Italy,45000
303,Grassi,75,Italy,42500
133,Coco,75,France,35000
405,Shoji,75,Japan,32500
366,Furch,75,Argentina,30000
157,Serdar,75,Germany,42500
118,Rius,75,Argentina,37500
405,Amian,75,France,37500
252,Bachirou,75,Comoros,32500
389,Konan,75,Ivory Coast,37500
58,Surman,75,England,40000
335,Suarez,75,Argentina,50000
338,Barrera,75,Colombia,45000
124,Davies,75,England,32500
281,Savanier,75,France,32500
273,Ounas,75,Algeria,50000
145,Schnatterer,75,Germany,37500
157,McKennie,75,United States,30000
154,Behrens,75,Germany,45000
253,Foden,75,England,42500
282,Pukki,75,Finland,30000
430,Hanin,75,France,47500
167,Isla,75,Chile,37500
324,Morelos,75,Colombia,47500
88,Fernandez,75,Chile,50000
402,Moretti,75,Italy,37500
397,Ninkovic,75,Serbia,42500
88,Paredes,75,Chile,42500
427,Bonera,75,Italy,40000
317,Radoja,75,Serbia,27500
354,Missiroli,75,Italy,35000
281,Bernardoni,75,France,35000
167,Arslan,75,Germany,30000
168,Toornstra,75,Netherlands,42500
53,Mas,75,Argentina,30000
301,Caceres,75,Paraguay,37500
411,Mandragora,75,Italy,42500
6,Bizot,75,Netherlands,35000
131,Ronnow,75,Denmark,45000
26,Pavlovic,75,Croatia,35000
208,Figal,75,Argentina,32500
178,Maksimovic,75,Serbia,37500
57,Jantschke,75,Germany,37500
171,Lukebakio,75,Belgium,45000
413,Toselli,75,Chile,32500
70,Carrillo,75,Argentina,47500
58,Boruc,75,Poland,40000
25,Ghoddos,75,Iran,47500
175,Luyindama,75,DR Congo,27500
371,Guarin,75,Colombia,37500
15,Hamdallah,75,Morocco,40000
86,Nikolic,75,Hungary,45000
167,Benzia,75,Algeria,42500
425,Ntep,75,Cameroon,40000
152,Hansen,75,Denmark,42500
175,Inan,75,Turkey,35000
202,Mounie,75,Benin,37500
236,Cataldi,75,Italy,27500
21,Fernandes,75,Chile,30000
295,Vlasic,75,Croatia,42500
82,McGregor,75,Scotland,37500
120,Rolan,75,Uruguay,45000
175,Diagne,75,Senegal,32500
198,Leckie,75,Australia,37500
61,Balogun,75,Nigeria,27500
232,Kamara,75,Norway,32500
58,Francis,75,England,40000
373,Norwood,75,Northern Ireland,35000
109,Traore,75,Ivory Coast,40000
178,Cristoforo,75,Uruguay,45000
384,Gutierrez,75,Chile,45000
88,Valdes,75,Chile,42500
55,Krejci,75,Czech Republic,42500
341,Bolat,75,Turkey,37500
338,Caruzzo,75,Argentina,27500
26,Traore,75,Ivory Coast,27500
35,Gonzalez Pirez,75,Argentina,47500
284,Jallet,75,France,50000
167,Potuk,75,Turkey,30000
401,Damm,75,Mexico,47500
317,Jensen,75,Denmark,42500
389,Abdelhamid,75,Morocco,50000
173,Sessegnon,75,England,30000
26,Mangani,75,France,30000
404,Janssen,75,Netherlands,35000
82,Boyata,75,Belgium,47500
299,Rajkovic,75,Serbia,47500
133,Kerbrat,75,France,27500
389,Mendy,75,Senegal,45000
308,Blake,75,Jamaica,50000
377,Mevlja,75,Slovenia,35000
401,Zelarayan,75,Argentina,27500
5,Ait Bennasser,75,Morocco,42500
429,Serero,75,South Africa,47500
143,Kalu,75,Nigeria,32500
335,Fernandez,75,Argentina,32500
168,Vermeer,75,Netherlands,50000
255,Kahveci,75,Turkey,45000
25,Konate,75,Senegal,35000
59,Maupay,75,France,47500
318,Mitrovic,75,Serbia,40000
133,Deaux,75,France,27500
70,Braithwaite,75,Denmark,32500
208,Romero,75,Argentina,32500
379,Armstrong,75,Scotland,32500
289,Amavi,75,France,40000
279,Dummett,75,Wales,30000
361,Kashia,75,Georgia,37500
427,Barbosa,75,Argentina,47500
348,Hernandez,75,Colombia,40000
297,Jara,75,Argentina,35000
429,Odegaard,75,Norway,37500
259,Flint,75,England,50000
177,Sturaro,75,Italy,47500
49,Maggio,75,Italy,30000
120,Wakaso,75,Ghana,32500
234,Ikone,75,France,35000
210,Perez,75,Colombia,32500
395,Claesson,75,Sweden,40000
172,Viviani,75,Italy,47500
367,Babacar,75,Senegal,30000
34,Sahiner,75,Turkey,32500
425,Uduokhai,75,Germany,50000
66,Taylor,75,England,42500
303,Rigoni,75,Italy,35000
179,Martin Arias,75,Argentina,37500
388,Bensebaini,75,Algeria,47500
34,Hurtado,75,Peru,27500
251,Ricca,75,Uruguay,32500
247,Ignatiev,75,Russia,42500
243,Cabaco,75,Uruguay,27500
287,Lodygin,75,Russia,40000
380,Kanga,75,Gabon,27500
316,Saracchi,75,Uruguay,42500
324,Tavernier,75,England,47500
102,Gonzalez,75,Argentina,32500
60,Donnarumma,75,Italy,27500
148,Risse,75,Germany,47500
389,Romao,75,Togo,50000
401,Ayala,75,Mexico,30000
148,Kainz,75,Austria,27500
55,Destro,75,Italy,32500
198,Maier,75,Germany,35000
422,Otero,75,Venezuela,47500
426,Krmencik,75,Czech Republic,42500
343,Gazinskiy,75,Russia,45000
102,Rodriguez,75,Uruguay,40000
97,Herrera,75,Argentina,50000
411,Badu,75,Ghana,32500
378,Tau,75,South Africa,27500
279,Barreca,75,Italy,40000
99,Poulain,75,France,37500
38,Hernandez,75,Colombia,37500
107,Steffen,75,United States,45000
122,Garcia,75,Argentina,50000
95,Roa,75,Colombia,27500
339,Hansen,75,Norway,37500
436,Montero,75,Ecuador,37500
344,Gulde,75,Germany,37500
258,Guzman,75,Mexico,32500
358,Bongonda,75,Belgium,30000
317,Araujo,75,Mexico,47500
132,Silvestre,75,Italy,45000
112,Kelly,75,England,47500
96,Ribas,75,Uruguay,30000
143,Kounde,75,France,30000
132,Antonelli,75,Italy,47500
351,Stoch,75,Slovakia,27500
1,El Khayati,75,Netherlands,50000
377,Jokic,75,Slovenia,40000
267,Vangioni,75,Argentina,47500
354,Kurtic,75,Slovenia,47500
58,Stanislas,75,England,27500
26,Butelle,75,France,30000
133,Rodelin,75,France,35000
416,Rodriguez,75,Uruguay,45000
131,N'Dicka,75,France,50000
267,Hurtado,75,Colombia,35000
387,Baysse,75,France,47500
136,Calvert-Lewin,75,England,37500
106,Feilhaber,75,United States,45000
430,Wakaso,75,Ghana,27500
336,Karsdorp,75,Netherlands,47500
168,Larsson,75,Sweden,50000
344,Gunter,75,Germany,50000
193,Schwegler,75,Switzerland,42500
55,Helander,75,Sweden,50000
4,Benaglio,75,Switzerland,47500
247,Tarasov,75,Russia,32500
287,Elabdellaoui,75,Norway,27500
202,Durm,75,Germany,47500
411,Fofana,75,Ivory Coast,35000
76,Machis,75,Venezuela,32500
140,Zambrano,75,Peru,47500
138,Khedira,75,Germany,50000
147,Skov,75,Denmark,35000
44,Ozcan,75,Austria,40000
321,Dimata,75,Belgium,35000
126,Ademi,75,FYR Macedonia,47500
279,Diame,75,Senegal,50000
354,Valdifiori,75,Italy,40000
148,Schaub,75,Austria,27500
316,Ilsanker,75,Austria,37500
33,Hateboer,75,Netherlands,40000
177,Lerager,75,Denmark,27500
168,Van Beek,75,Netherlands,47500
280,Rodriguez,75,Argentina,47500
198,Pekarik,75,Slovakia,40000
436,Gibbs,75,England,50000
128,Buyalskyi,75,Ukraine,50000
144,Padt,75,Netherlands,47500
335,Montiel,74,Argentina,38000
208,Silva,74,Chile,30000
106,Kamara,74,Sierra Leone,32000
268,Le Tallec,74,France,36000
148,Geis,74,Germany,38000
58,Gosling,74,England,24000
357,Pizarro,74,Peru,24000
277,Long,74,United States,36000
53,Rossi,74,Argentina,36000
301,Etxeberria,74,Paraguay,28000
181,Lozano,74,Honduras,36000
405,Mubele,74,DR Congo,30000
162,Gikiewicz,74,Poland,36000
32,Hourihane,74,Republic of Ireland,36000
193,Korb,74,Germany,30000
6,Midtsjo,74,Norway,26000
140,Van Wolfswinkel,74,Netherlands,34000
110,Spolli,74,Argentina,30000
339,Jensen,74,Denmark,38000
29,Hauche,74,Argentina,32000
268,Oyongo,74,Cameroon,36000
166,Mateta,74,France,38000
26,Fulgini,74,France,40000
8,Shinnie,74,Scotland,26000
154,Misidjan,74,Netherlands,22000
2,Hult,74,Sweden,38000
88,Mena,74,Chile,38000
167,Ozbayrakli,74,Turkey,32000
241,Douglas,74,Scotland,28000
330,Plata,74,Ecuador,38000
70,Silva,74,Argentina,26000
94,Estigarribia,74,Paraguay,34000
441,Blaszczykowski,74,Poland,40000
255,Jojic,74,Serbia,28000
173,Markovic,74,Serbia,22000
189,Tosic,74,Serbia,36000
6,Til,74,Netherlands,26000
436,Johansen,74,Norway,38000
219,Souquet,74,France,40000
269,Sagna,74,France,22000
324,Davis,74,Northern Ireland,22000
126,Theophile-Catherine,74,France,36000
360,Bereszynski,74,Poland,22000
168,Haps,74,Netherlands,38000
242,Fuchs,74,Austria,24000
99,Schrijvers,74,Belgium,38000
202,Depoitre,74,Belgium,36000
411,Pussetto,74,Argentina,32000
234,Celik,74,Turkey,34000
276,Mitrita,74,Romania,36000
50,Larin,74,Canada,22000
279,Atsu,74,Ghana,26000
128,Kedziora,74,Poland,34000
167,Demirel,74,Turkey,38000
102,Castillo,74,Colombia,26000
92,Ruiz,74,Argentina,26000
121,Cabrera,74,Uruguay,22000
434,Britos,74,Uruguay,30000
86,Katai,74,Serbia,30000
171,Usami,74,Japan,26000
411,Okaka,74,Italy,22000
173,Le Marchand,74,France,26000
173,Chambers,74,England,34000
124,Wilson,74,Wales,40000
173,Mawson,74,England,34000
305,Benavente,74,Peru,30000
289,Pele,74,France,28000
53,Goltz,74,Argentina,28000
258,Gallardo,74,Mexico,22000
299,Nestorovski,74,FYR Macedonia,28000
67,Sakho,74,Senegal,34000
125,Rosier,74,France,30000
5,Diony,74,France,40000
277,Royer,74,Austria,40000
434,Mariappa,74,Jamaica,40000
99,Dennis,74,Nigeria,38000
146,Kittel,74,Germany,22000
217,Perez,74,Colombia,24000
80,Niasse,74,Senegal,30000
41,Strebinger,74,Austria,24000
379,Stephens,74,England,34000
26,Bahoken,74,Cameroon,38000
38,Ramirez,74,Colombia,40000
202,Billing,74,Denmark,28000
182,Gonzalez,74,Argentina,40000
299,Chochev,74,Bulgaria,26000
49,Crisetig,74,Italy,28000
437,Rice,74,Republic of Ireland,38000
442,Saiss,74,Morocco,36000
90,Martinez,74,Colombia,32000
367,Duricic,74,Serbia,22000
277,Robles,74,United States,22000
443,Bifouma,74,Congo,32000
254,Grant,74,England,34000
52,Dack,74,England,32000
87,Rigoni,74,Italy,22000
188,Pulido,74,Mexico,36000
444,Awaziem,74,Nigeria,22000
336,Coric,74,Croatia,34000
425,Tisserand,74,DR Congo,24000
104,Zaldivia,74,Argentina,32000
268,Dolly,74,South Africa,34000
429,Matavz,74,Slovenia,38000
66,Gibson,74,England,28000
148,Czichos,74,Germany,30000
25,Zungu,74,South Africa,26000
100,Cota,74,Mexico,30000
177,Hiljemark,74,Sweden,22000
283,Ansarifard,74,Iran,36000
105,Cardona,74,Colombia,28000
426,Kozacik,74,Slovakia,34000
219,Chakvetadze,74,Georgia,32000
55,Falcinelli,74,Italy,24000
45,Diop,74,Senegal,36000
281,Bouanga,74,Gabon,36000
178,Cabrera,74,Uruguay,24000
354,Floccari,74,Italy,30000
241,Cooper,74,Scotland,24000
148,Drexler,74,Germany,36000
128,Burda,74,Ukraine,28000
156,Wolf,74,Austria,24000
381,Kutepov,74,Russia,28000
34,Jahovic,74,FYR Macedonia,40000
230,Kana-Biyik,74,Cameroon,38000
80,Ecuele Manga,74,Gabon,24000
95,Gamba,74,Argentina,28000
32,Kodjia,74,Ivory Coast,36000
134,Andujar,74,Argentina,36000
266,Sosa,74,Uruguay,26000
287,Soldano,74,Argentina,32000
321,Bolasie,74,DR Congo,28000
163,Janssen,74,Netherlands,28000
317,Mor,74,Turkey,26000
390,Lestienne,74,Belgium,38000
251,Blanco,74,Argentina,24000
25,Gouano,74,France,28000
82,Christie,74,Scotland,22000
306,Bizzarri,74,Argentina,34000
130,Sobhi,74,Egypt,30000
390,Mpoku,74,DR Congo,34000
277,Lawrence,74,Jamaica,22000
318,Grandsir,74,France,26000
434,Prodl,74,Austria,30000
186,Ravet,74,France,36000
115,Jara,74,Argentina,28000
88,Arias,74,Chile,28000
93,Silva,74,Argentina,36000
43,Von Bergen,74,Switzerland,28000
67,Kembo-Ekoko,74,DR Congo,36000
67,Chedjou,74,Cameroon,36000
66,Ward,74,Republic of Ireland,26000
390,Laifis,74,Cyprus,26000
381,Rebrov,74,Russia,22000
21,Obi,74,Nigeria,32000
80,Hoilett,74,Canada,36000
80,Paterson,74,Scotland,24000
175,Nagatomo,74,Japan,36000
77,Ionita,74,Moldova,36000
318,Lienard,74,France,32000
351,Skoda,74,Czech Republic,30000
115,Rodriguez,74,Argentina,40000
21,Villafanez,74,Argentina,32000
122,Talavera,74,Mexico,26000
384,Melia,74,United States,40000
208,Burdisso,74,Argentina,34000
135,Aleman,74,Uruguay,30000
411,Stryger Larsen,74,Denmark,28000
242,Simpson,74,England,24000
6,Koopmeiners,74,Netherlands,24000
402,Aina,74,Nigeria,36000
381,Eschenko,74,Russia,32000
90,Benedetti,74,Colombia,30000
389,Chavarria,74,Argentina,24000
353,Corchia,74,France,40000
173,McDonald,74,Scotland,24000
79,Cavallini,74,Canada,36000
25,Dibassy,74,Mali,40000
288,Diop,74,Spain,30000
184,Oztekin,74,Turkey,30000
260,Dzhanaev,74,Russia,30000
109,Konate,74,Ivory Coast,34000
287,Vukovic,74,Serbia,22000
242,Barnes,74,England,22000
259,Besic,74,Bosnia Herzegovina,30000
313,Alustiza,74,Argentina,28000
66,Vydra,74,Czech Republic,32000
389,Baba,74,Ghana,28000
99,Rits,74,Belgium,30000
261,Strinic,74,Croatia,30000
125,Amalfitano,74,France,22000
32,McGinn,74,Scotland,26000
325,Advincula,74,Peru,32000
246,Rodriguez,74,Mexico,22000
319,Rosales,74,Venezuela,36000
50,Roco,74,Chile,22000
298,Mbakogu,74,Nigeria,22000
281,Briancon,74,France,28000
171,Rensing,74,Germany,26000
247,Mykhalyk,74,Ukraine,36000
290,Correa,74,Colombia,28000
241,Phillips,74,England,24000
344,Waldschmidt,74,Germany,32000
351,Deli,74,Ivory Coast,40000
202,Pritchard,74,England,38000
291,Sane,74,Senegal,32000
128,Besedin,74,Ukraine,40000
267,Gonzalez,74,Mexico,24000
142,Hedges,74,United States,26000
62,Bautheac,74,France,36000
343,Semenov,74,Russia,36000
177,Zukanovic,74,Bosnia Herzegovina,38000
406,Sahan,74,Turkey,36000
325,Velazquez,74,Uruguay,26000
303,Biabiany,74,France,24000
406,Rodallega,74,Colombia,36000
393,Saric,74,Bosnia Herzegovina,28000
154,Margreitter,74,Austria,40000
403,Ciman,74,Belgium,22000
405,Durmaz,74,Sweden,38000
91,Alvarez,74,Argentina,40000
334,Alvarez,74,Argentina,28000
2,Ponce,74,Argentina,34000
94,Ortiz,74,Argentina,34000
94,Morelo,74,Colombia,24000
405,Sangare,74,Ivory Coast,34000
196,Di Gaudio,74,Italy,40000
177,Lazovic,74,Serbia,34000
351,Ngadeu-Ngadjui,74,Cameroon,36000
338,Zampedri,74,Argentina,38000
398,Adams Nuhu,74,Ghana,38000
146,Trasch,74,Germany,36000
120,Brasanac,74,Serbia,28000
293,Khacheridi,74,Ukraine,28000
80,Ralls,74,England,26000
194,Berra,74,Scotland,36000
347,De Blasis,74,Argentina,38000
396,Ajeti,74,Switzerland,38000
362,Rodriguez,74,Argentina,22000
370,Kovalenko,74,Ukraine,34000
399,Bastians,74,Germany,38000
197,Kuwas,74,Curacao,22000
32,El Ghazi,74,Netherlands,36000
126,Dilaver,74,Austria,34000
40,Degenek,74,Australia,38000
255,Epureanu,74,Moldova,36000
332,Babin,74,France,32000
208,Sanchez Mino,74,Argentina,26000
2,Barkas,74,Greece,32000
208,Dominguez,74,Paraguay,40000
242,Iheanacho,74,Nigeria,34000
296,Sainsbury,74,Australia,32000
378,Hlatshwayo,74,South Africa,24000
326,Moore,74,England,40000
308,Bedoya,74,United States,36000
321,Zulj,74,Austria,40000
318,Prcic,74,Bosnia Herzegovina,28000
426,Hubnik,74,Czech Republic,24000
324,Jack,74,Scotland,30000
362,Botta,74,Argentina,22000
175,Gumus,74,Germany,38000
80,Morrison,74,England,30000
387,Beauvue,74,France,38000
182,Viera,74,Paraguay,38000
420,Gimenez,74,Argentina,28000
111,Pineda,74,Mexico,40000
25,Gnahore,74,France,30000
155,Mbemba,74,DR Congo,28000
287,Hassan,74,Egypt,38000
335,Martinez Quarta,74,Argentina,24000
434,Masina,74,Italy,28000
318,Martinez,74,France,26000
80,Cunningham,74,Republic of Ireland,38000
444,Cagiran,74,Turkey,40000
143,Cornelius,74,Denmark,40000
378,Vilakazi,74,South Africa,26000
173,Bryan,74,England,34000
343,Erokhin,74,Russia,30000
132,Pasqual,74,Italy,28000
253,Zinchenko,74,Ukraine,40000
249,Canteros,74,Argentina,40000
154,Ishak,74,Sweden,30000
35,Pogba,74,Guinea,34000
407,Mora,74,Chile,38000
221,Aidoo,74,Ghana,36000
202,Hadergjonaj,74,Switzerland,28000
301,Ortiz,74,Paraguay,40000
335,Zuculini,74,Argentina,32000
177,Pandev,74,FYR Macedonia,28000
440,Tapia,74,Peru,40000
281,Ferri,74,France,22000
284,Cardinale,74,France,38000
423,Beck,74,Germany,30000
72,Diamanka,74,Senegal,28000
386,Charbonnier,74,France,34000
169,Dabo,74,Burkina Faso,36000
325,Di Santo,74,Argentina,22000
313,Vikonis,74,Uruguay,36000
163,Bazoer,74,Netherlands,34000
53,Buffarini,74,Argentina,26000
100,Tesillo,74,Colombia,40000
191,Sakai,74,Japan,24000
376,Kone,74,Ivory Coast,26000
384,Besler,74,United States,38000
383,Salin,74,France,26000
148,Sobiech,74,Germany,32000
407,Iturbe,74,Paraguay,28000
425,Verhaegh,74,Netherlands,26000
388,Traore,74,Mali,26000
298,Andelkovic,74,Slovenia,38000
166,Hack,74,Germany,26000
148,Cordoba,74,Colombia,28000
131,Falette,74,Guinea,26000
423,Thommy,74,Germany,36000
82,Gordon,74,Scotland,26000
166,Boetius,74,Netherlands,26000
285,Grytebust,74,Norway,32000
147,Bjelland,74,Denmark,24000
118,Martinez,74,Argentina,32000
424,Hinterseer,74,Austria,32000
82,Griffiths,74,Scotland,32000
360,Murru,74,Italy,38000
154,Ilicevic,74,Croatia,24000
131,Stendera,74,Germany,32000
293,Rey,74,Argentina,34000
411,Nuytinck,74,Netherlands,32000
41,Lindner,74,Austria,30000
426,Limbersky,74,Czech Republic,26000
411,Musso,74,Argentina,24000
6,Svensson,74,Norway,30000
166,Kunde Malong,74,Cameroon,40000
54,Chumacero,74,Bolivia,22000
5,Beric,74,Slovenia,32000
322,Zaracho,74,Argentina,38000
296,Room,74,Curacao,22000
230,Gyan,74,Ghana,30000
41,Ulmer,74,Austria,28000
61,Bong,74,Cameroon,38000
230,Lung,74,Romania,26000
401,Duenas,74,Mexico,32000
287,Gianniotis,74,Greece,28000
109,Kone,74,Ivory Coast,30000
151,Cohade,74,France,36000
32,Chester,74,Wales,38000
143,De Preville,74,France,22000
444,Chahechouhe,74,Morocco,34000
58,Ibe,74,England,40000
70,Nyom,74,Cameroon,26000
166,Niakhate,74,France,32000
315,Del Valle,74,Colombia,22000
370,Kayode,74,Nigeria,30000
55,Santander,74,Paraguay,34000
181,Roberts,74,England,22000
284,Tameze,74,France,26000
241,Roofe,74,England,22000
297,Sosa,74,Argentina,34000
381,Melgarejo,74,Paraguay,22000
300,Kourmpelis,74,Greece,26000
34,Kirintili,74,Turkey,30000
132,Krunic,74,Bosnia Herzegovina,22000
152,Sviatchenko,74,Denmark,22000
322,Orban,74,Argentina,28000
169,Laurini,74,France,34000
147,N'Doye,74,Senegal,26000
324,Arfield,74,Canada,24000
88,Beausejour,74,Chile,26000
31,Ciciretti,74,Italy,36000
70,En-Nesyri,74,Morocco,38000
296,Rosario,74,Netherlands,36000
360,Caprari,74,Italy,32000
153,Waris,74,Ghana,32000
193,Bakalorz,74,Germany,30000
133,Benezet,74,France,22000
413,Fuenzalida,74,Chile,22000
412,Gomez Andrade,74,Colombia,36000
242,Amartey,74,Ghana,26000
321,Santini,74,Croatia,34000
172,Ciano,74,Italy,30000
57,Sippel,74,Germany,38000
167,Kameni,74,Cameroon,34000
230,Mensah,74,Ghana,26000
442,Coady,74,England,24000
301,Aguedar,74,Paraguay,28000
339,Reginiussen,74,Norway,30000
429,Musonda,74,Belgium,26000
78,Bassogog,74,Cameroon,28000
426,Kopic,74,Czech Republic,24000
211,Padelli,74,Italy,22000
111,Caraglio,74,Argentina,22000
312,Browne,74,Republic of Ireland,38000
423,Kempf,74,Germany,28000
177,Lapadula,74,Italy,22000
80,Etheridge,74,Philippines,40000
426,Hrosovsky,74,Slovakia,36000
167,Ekici,74,Turkey,30000
160,Meier,74,Germany,34000
255,Inler,74,Switzerland,32000
193,Wimmer,74,Austria,24000
379,Forster,74,England,28000
242,Soyuncu,74,Turkey,24000
56,Larsen,74,Denmark,30000
258,Alvarez,74,Mexico,24000
368,Svensson,74,Sweden,30000
330,Kreilach,74,Croatia,38000
35,Nagbe,74,United States,32000
203,Bowen,74,England,38000
283,Grabban,74,England,30000
367,Lemos,74,Uruguay,22000
131,Toure,74,Mali,32000
59,Watkins,74,England,34000
166,Oztunali,74,Germany,34000
221,Dewaest,74,Belgium,28000
90,Aguilar,74,Mexico,24000
61,March,74,England,36000
126,Livakovic,74,Croatia,26000
341,Haroun,74,Belgium,22000
4,Raggi,74,Italy,40000
100,Mena,74,Ecuador,28000
219,Verstraete,74,Belgium,22000
221,Vukovic,74,Australia,28000
193,Ostrzolek,74,Germany,24000
25,Pieters,74,Netherlands,30000
168,Van der Heijden,74,Netherlands,22000
318,Mothiba,74,South Africa,26000
134,Kalinski,74,Argentina,32000
168,Bijlow,74,Netherlands,38000
158,Song,74,Cameroon,30000
124,Mount,74,England,32000
3,Karlsson,73,Sweden,28500
21,Tufan,73,Turkey,25500
434,Success,73,Nigeria,19500
440,Ozbiliz,73,Armenia,27000
172,Bardi,73,Italy,18000
217,Rangel,73,Colombia,24000
172,Simic,73,Czech Republic,28500
29,Pisculichi,73,Argentina,22500
267,Montes,73,Mexico,19500
88,Opazo,73,Chile,27000
420,Asad,73,Argentina,18000
68,Cuevas,73,Argentina,24000
373,Henderson,73,England,16500
217,Viera,73,Uruguay,25500
354,Vicari,73,Italy,21000
438,Baumjohann,73,Germany,21000
373,O'Connell,73,England,18000
296,Ramselaar,73,Netherlands,28500
151,Diallo,73,Senegal,24000
202,Smith,73,England,16500
358,Peeters,73,Belgium,24000
8,Lewis,73,England,16500
366,Lozano,73,Uruguay,16500
373,Stevens,73,Republic of Ireland,25500
77,Cacciatore,73,Italy,19500
171,Kaminski,73,Poland,27000
112,Ward,73,England,28500
36,Cardenas,73,Colombia,28500
166,Maxim,73,Romania,25500
374,Westwood,73,Republic of Ireland,24000
122,Barrientos,73,Argentina,28500
50,Isimat-Mirin,73,France,18000
34,Diagne,73,Senegal,27000
166,Bussmann,73,France,24000
376,Rybalka,73,Ukraine,28500
362,Peruzzi,73,Argentina,24000
167,Neustadter,73,Russia,18000
54,Martins,73,Bolivia,18000
99,Mitrovic,73,Croatia,22500
362,Perez,73,Argentina,24000
217,Cantillo,73,Colombia,16500
39,Aliendro,73,Argentina,25500
436,Livermore,73,England,28500
429,Karavaev,73,Russia,24000
80,Reid,73,England,28500
171,Giebelmann,73,Germany,19500
374,Forestieri,73,Italy,16500
443,Buyuk,73,Turkey,22500
148,Clemens,73,Germany,27000
90,Ibarguen,73,Colombia,19500
343,Rausch,73,Russia,18000
104,Pavez,73,Chile,25500
442,Bennett,73,England,19500
444,Nakoulma,73,Burkina Faso,21000
129,Banguera,73,Ecuador,19500
19,Al Hussien,73,Syria,21000
143,Poundje,73,France,28500
86,McCarty,73,United States,30000
167,Koybasi,73,Turkey,24000
125,Abeid,73,Algeria,19500
423,Donis,73,Greece,28500
112,Schlupp,73,Ghana,22500
163,Jensen,73,Denmark,27000
152,Poulsen,73,Denmark,25500
368,Roldan,73,United States,27000
172,Dionisi,73,Italy,18000
391,Ince,73,England,28500
374,Bannan,73,Scotland,18000
247,Miranchuk,73,Russia,30000
300,Macheda,73,Italy,18000
63,Webster,73,England,24000
262,Duque,73,Colombia,19500
104,Barroso,73,Argentina,24000
177,Kouame,73,Ivory Coast,22500
264,Rodriguez,73,Colombia,22500
87,Meggiorini,73,Italy,27000
422,Farinez,73,Venezuela,22500
435,Krishna,73,Fiji,18000
173,Fosu-Mensah,73,Netherlands,21000
166,Bungert,73,Germany,16500
95,Chimino,73,Argentina,27000
125,Said,73,France,22500
373,Egan,73,Republic of Ireland,22500
34,Demirok,73,Turkey,28500
346,Klement,73,Germany,18000
277,Parker,73,United States,21000
295,Nababkin,73,Russia,18000
265,Forren,73,Norway,22500
26,Bamba,73,Ivory Coast,30000
258,Martin,73,Mexico,27000
97,Gandolfi,73,Argentina,22500
238,Lucioni,73,Italy,28500
160,Buchtmann,73,Germany,25500
361,Qazaishvili,73,Georgia,28500
323,Leca,73,France,21000
196,Marrone,73,Italy,19500
394,Fer,73,Netherlands,18000
80,Gunnarsson,73,Iceland,22500
392,McGeady,73,Republic of Ireland,27000
112,Riedewald,73,Netherlands,16500
335,Mayada,73,Uruguay,30000
410,Rosina,73,Italy,25500
170,Kragl,73,Germany,21000
210,Banguera,73,Colombia,21000
134,Jara,73,Chile,24000
193,Elez,73,Croatia,21000
156,Walke,73,Germany,19500
107,Trapp,73,United States,25500
374,Reach,73,England,24000
356,Diekmeier,73,Germany,21000
387,Genevois,73,Haiti,16500
123,Krohn-Dehli,73,Denmark,27000
385,Penneteau,73,France,16500
282,Hernandez,73,Germany,30000
118,Unsain,73,Argentina,21000
3,Larsson,73,Sweden,24000
206,Sigurthsson,73,Iceland,16500
152,Hansen,73,Denmark,21000
122,Tobio,73,Argentina,18000
326,Miazga,73,United States,18000
414,Vittor,73,Argentina,25500
408,Araujo,73,Argentina,24000
43,Assale,73,Ivory Coast,28500
373,Sharp,73,England,16500
200,Schindler,73,Ghana,25500
221,Uronen,73,Finland,30000
219,Dejaegere,73,Belgium,22500
160,Knoll,73,Germany,28500
375,Kamada,73,Japan,19500
406,Novak,73,Czech Republic,28500
94,Toledo,73,Argentina,24000
208,Cerutti,73,Argentina,22500
22,Gentiletti,73,Argentina,25500
344,Frantz,73,Germany,25500
282,Buendia,73,Argentina,27000
241,Klich,73,Poland,22500
291,Kljestan,73,United States,27000
131,Russ,73,Germany,27000
33,Gosens,73,Germany,30000
87,Stepinski,73,Poland,18000
3,Elyounoussi,73,Norway,18000
274,Nuzzolo,73,Switzerland,27000
315,Navarro,73,Argentina,21000
107,Zardes,73,United States,28500
5,Monnet-Paquet,73,France,27000
409,Terranova,73,Italy,18000
157,Skrzybski,73,Germany,18000
162,Reichel,73,Germany,16500
355,Heuer Fernandes,73,Portugal,27000
144,Doan,73,Japan,27000
122,Salinas,73,Mexico,18000
39,Bianchi,73,Argentina,21000
228,Veigneau,73,France,22500
367,Sensi,73,Italy,30000
391,Bauer,73,Austria,30000
193,Fossum,73,Norway,30000
142,Barrios,73,Colombia,25500
149,Lemoine,73,France,16500
151,Balliu,73,Albania,19500
287,Cisse,73,Senegal,22500
394,Naughton,73,England,24000
381,Tashaev,73,Russia,25500
299,Rispoli,73,Italy,18000
402,Lukic,73,Serbia,28500
51,Mrabti,73,Sweden,18000
228,Pavelka,73,Czech Republic,21000
133,Eboa Eboa,73,Cameroon,28500
243,Doukoure,73,Ivory Coast,22500
90,Menez,73,France,18000
136,Stekelenburg,73,Netherlands,25500
242,Ward,73,Wales,28500
34,Traore,73,Burkina Faso,30000
388,Gelin,73,France,18000
96,Pasquini,73,Argentina,24000
166,Donati,73,Italy,24000
177,Biraschi,73,Italy,24000
345,Schaars,73,Netherlands,18000
172,Ciofani,73,Italy,19500
362,Martinez,73,Argentina,28500
194,Naismith,73,Scotland,24000
430,John,73,Netherlands,30000
389,Zeneli,73,Kosovo,18000
338,Rinaudo,73,Argentina,27000
349,Wormgoor,73,Netherlands,18000
70,Santos,73,Uruguay,24000
138,Hahn,73,Germany,24000
293,Misic,73,Croatia,22500
202,Lowe,73,Germany,30000
103,Abedzadeh,73,Iran,25500
104,Valdes,73,Chile,30000
128,Pivaric,73,Croatia,21000
429,Buttner,73,Netherlands,19500
158,Kasami,73,Switzerland,21000
136,Kenny,73,England,30000
355,Heller,73,Germany,27000
98,Guruceaga,73,Uruguay,28500
403,Van der Wiel,73,Netherlands,19500
124,Carson,73,England,24000
427,Caseres,73,Argentina,28500
314,Luongo,73,Australia,30000
251,Seleznyov,73,Ukraine,22500
126,Orsic,73,Croatia,21000
282,Leitner,73,Germany,21000
434,Penaranda,73,Venezuela,21000
78,Banana,73,Cameroon,22500
259,Saville,73,Northern Ireland,21000
230,Kucher,73,Ukraine,21000
389,Chavalerin,73,France,30000
34,Skubic,73,Slovenia,18000
390,Emond,73,Belgium,16500
140,Stocker,73,Switzerland,16500
269,Urruti,73,Argentina,30000
173,Bettinelli,73,England,27000
210,Perez,73,Argentina,28500
267,Basanta,73,Argentina,28500
324,Goldson,73,England,30000
315,Britos,73,Uruguay,27000
48,Rigamonti,73,Argentina,18000
351,Coufal,73,Czech Republic,22500
132,Bennacer,73,Algeria,22500
188,Molina,73,Mexico,25500
101,Fernandez,73,Argentina,27000
102,Braghieri,73,Argentina,28500
413,Dituro,73,Argentina,24000
66,Long,73,Republic of Ireland,28500
325,Agbo,73,Nigeria,30000
167,Kaldirim,73,Turkey,24000
300,Dioudis,73,Greece,28500
92,Pocrnjic,73,Argentina,27000
99,Amrabat,73,Morocco,28500
95,Salcedo,73,Paraguay,22500
221,Ito,73,Japan,30000
148,Sorensen,73,Denmark,19500
388,Hunou,73,France,28500
295,Magnusson,73,Iceland,19500
288,Yanga-Mbiwa,73,France,27000
324,Kent,73,England,27000
133,Sorbon,73,France,28500
63,Diedhiou,73,Senegal,24000
420,Fernandez,73,Argentina,28500
401,Meza,73,Colombia,19500
282,Krul,73,Netherlands,30000
12,Aguirregaray,73,Uruguay,25500
13,Al Dawsari,73,Saudi Arabia,18000
173,Zambo Anguissa,73,Cameroon,30000
443,Mina,73,Ecuador,18000
391,Clucas,73,England,24000
21,Sural,73,Czech Republic,25500
74,Racic,73,Serbia,24000
122,Rios,73,Mexico,30000
282,Vrancic,73,Bosnia Herzegovina,18000
373,Fleck,73,Scotland,30000
6,Maher,73,Netherlands,21000
206,Sigurtharson,73,Iceland,25500
153,Limbombe,73,Belgium,18000
118,Miranda,73,Argentina,28500
338,Gil,73,Argentina,22500
119,Perez,73,Colombia,21000
414,Henriquez,73,Chile,16500
390,Cimirot,73,Bosnia Herzegovina,19500
305,Aquino,73,Peru,24000
154,Kubo,73,Japan,30000
105,Arboleda,73,Colombia,16500
304,Bertoli,73,Argentina,18000
314,Leistner,73,Germany,28500
64,Mukhtar,73,Germany,24000
325,Dimitrievski,73,FYR Macedonia,25500
277,Rzatkowski,73,Germany,19500
172,Goldaniga,73,Italy,19500
249,Heurtaux,73,France,18000
79,Borjan,73,Canada,27000
155,Loum,73,Senegal,21000
262,Marrugo,73,Colombia,22500
55,Mbaye,73,Senegal,16500
354,Schiattarella,73,Italy,27000
266,Lezcano,73,Argentina,27000
88,Herrera,73,Chile,28500
426,Hruska,73,Czech Republic,28500
358,Harbaoui,73,Tunisia,22500
314,Freeman,73,England,19500
167,Cigerci,73,Turkey,24000
289,Caleta-Car,73,Croatia,19500
357,Kapino,73,Greece,25500
283,Lolley,73,England,24000
322,Cardozo,73,Argentina,30000
275,Fagundez,73,Uruguay,27000
98,Prediger,73,Argentina,27000
133,Didot,73,France,19500
362,Monetti,73,Argentina,24000
404,Foyth,73,Argentina,16500
138,Schmid,73,France,19500
191,Jung,73,Germany,22500
95,Chavez,73,Argentina,19500
113,Bustamante,73,Argentina,24000
375,Tomiyasu,73,Japan,28500
374,Hooper,73,England,27000
229,Taniguchi,73,Japan,22500
184,Traore,73,Ivory Coast,25500
180,Barrada,73,Morocco,27000
152,Wikheim,73,Norway,24000
80,Smithies,73,England,22500
426,Horava,73,Czech Republic,16500
196,Ragusa,73,Italy,27000
127,Berg,73,Sweden,28500
87,Dordevic,73,Serbia,30000
309,Goralski,73,Poland,16500
97,Ramirez,73,Argentina,21000
259,Randolph,73,Republic of Ireland,28500
296,Behich,73,Australia,24000
226,Elm,73,Sweden,28500
61,Bissouma,73,Mali,27000
351,Boril,73,Czech Republic,24000
2,Bakasetas,73,Greece,25500
99,Vossen,73,Belgium,19500
289,Njie,73,Cameroon,22500
196,Pazzini,73,Italy,25500
411,Troost-Ekong,73,Nigeria,22500
51,Adams,73,England,19500
165,Grunwald,73,Austria,27000
394,Celina,73,Kosovo,21000
259,Howson,73,England,27000
219,Asare,73,Ghana,19500
193,Wood,73,United States,18000
297,Ulloa,73,Argentina,18000
359,Kanazaki,73,Japan,25500
2,Boye,73,Argentina,16500
209,Ricaurte,73,Colombia,22500
5,Vada,73,Argentina,28500
202,Diakhaby,73,France,19500
177,Bessa,73,Italy,25500
287,Torosidis,73,Greece,19500
67,Saivet,73,Senegal,22500
175,Derdiyok,73,Switzerland,27000
355,Jones,73,Trinidad & Tobago,24000
151,Sunzu,73,Zambia,25500
255,Ba,73,Senegal,30000
348,Anor,73,Venezuela,19500
367,Demiral,73,Turkey,24000
306,Melchiorri,73,Italy,24000
412,Acevedo,73,Argentina,22500
283,Wague,73,Mali,27000
255,Tekdemir,73,Turkey,28500
203,Grosicki,73,Poland,19500
75,Manriquez,73,Chile,30000
293,Ingason,73,Iceland,16500
163,Tannane,73,Morocco,16500
217,Hinestroza,73,Colombia,27000
140,Xhaka,73,Albania,16500
255,Kudryashov,73,Russia,24000
379,Long,73,Republic of Ireland,22500
171,Hennings,73,Germany,28500
147,Ankersen,73,Denmark,16500
222,Nardi,73,France,24000
405,Sanogo,73,France,24000
348,Musto,73,Argentina,18000
168,St. Juste,73,Netherlands,19500
154,Leibold,73,Germany,24000
128,Shaparenko,73,Ukraine,30000
376,Torje,73,Romania,25500
25,Krafth,73,Sweden,18000
87,Cesar,73,Slovenia,30000
388,Baal,73,France,27000
132,Acquah,73,Ghana,22500
99,Rezaei,73,Iran,27000
391,Martins Indi,73,Netherlands,28500
13,Al Faraj,73,Saudi Arabia,24000
82,Toljan,73,Germany,22500
224,Lombaerts,73,Belgium,22500
50,Uysal,73,Turkey,19500
10,Regattin,73,Morocco,19500
397,De Jong,73,Netherlands,28500
115,Hamid,73,United States,27000
95,Barrios,73,Paraguay,19500
217,Diaz,73,Colombia,19500
82,Ntcham,73,France,27000
154,Mathenia,73,Germany,18000
146,Cohen,73,Israel,27000
234,Pied,73,France,19500
252,Christiansen,73,Denmark,19500
6,Vlaar,73,Netherlands,22500
303,Siligardi,73,Italy,18000
138,Luthe,73,Germany,19500
94,Burian,73,Uruguay,27000
305,Yotun,73,Peru,18000
426,Kovarik,73,Czech Republic,21000
337,Keseru,73,Romania,27000
432,Roef,73,Belgium,24000
204,Kovacs,73,Hungary,19500
133,Ndong,73,Gabon,19500
387,Crivelli,73,France,18000
82,Ajer,73,Norway,21000
193,Sorg,73,Germany,22500
35,Guzan,73,United States,25500
245,Dainelli,73,Italy,16500
394,Narsingh,73,Netherlands,18000
360,Barreto,73,Paraguay,16500
87,Pucciarelli,73,Italy,28500
132,Di Lorenzo,73,Italy,24000
104,Carmona,73,Chile,28500
321,Najar,73,Honduras,24000
122,Pardo,73,Colombia,30000
229,Nakamura,73,Japan,21000
283,Benalouane,73,Tunisia,24000
11,Baeza,73,Chile,24000
133,Johnsson,73,Sweden,18000
98,Janson,73,Argentina,22500
87,Schelotto,73,Italy,19500
26,Manceau,73,France,18000
314,Cameron,73,United States,18000
368,Frei,73,United States,22500
171,Raman,73,Belgium,24000
25,Adenon,73,Benin,16500
149,Le Goff,73,France,25500
87,Barba,73,Italy,21000
238,Tachtsidis,73,Greece,25500
119,Gordillo,73,Colombia,18000
281,Thioub,73,France,21000
357,Mohwald,73,Germany,27000
98,Montillo,73,Argentina,22500
184,Kadah,73,Turkey,21000
51,Pedersen,73,Denmark,25500
366,Nervo,73,Argentina,25500
82,Edouard,73,France,25500
391,Diouf,73,Senegal,19500
87,Tomovic,73,Serbia,24000
219,Bezus,73,Ukraine,24000
306,Verre,73,Italy,28500
177,Mazzitelli,73,Italy,28500
219,Kaminski,73,Belgium,24000
385,Dessoleil,73,Belgium,18000
258,Rodriguez,73,Mexico,28500
166,Ujah,73,Nigeria,27000
126,Majer,73,Croatia,18000
134,Sanchez,73,Argentina,18000
388,Johansson,73,Sweden,21000
220,Van Crombrugge,73,Belgium,21000
341,Van Damme,73,Belgium,16500
128,Shepelev,73,Ukraine,27000
156,Minamino,73,Japan,21000
55,Orsolini,73,Italy,25500
53,Reynoso,73,Argentina,24000
224,Tomasevic,73,Montenegro,27000
153,Krhin,73,Slovenia,16500
221,Ndongala,73,DR Congo,22500
163,Letschert,73,Netherlands,16500
191,Mangala,73,Belgium,30000
416,Silva,73,Uruguay,28500
55,Mattiello,73,Italy,28500
345,Hahn,73,Netherlands,16500
270,Halliche,73,Algeria,27000
162,Hubner,73,Germany,27000
64,Wilczek,73,Poland,18000
175,Linnes,73,Norway,19500
118,Barboza,73,Argentina,24000
129,Bolanos,73,Ecuador,21000
369,Wober,73,Austria,18000
387,Ninga,73,Chad,28500
394,Van der Hoorn,73,Netherlands,21000
437,Fredericks,73,England,25500
26,Pajot,73,France,30000
35,Barco,73,Argentina,16500
279,Darlow,73,England,25500
344,Koch,73,Germany,18000
351,Husbauer,73,Czech Republic,25500
259,Clayton,73,England,24000
116,Yabo,73,Germany,19500
198,Luckassen,73,Netherlands,16500
263,Williams,73,Republic of Ireland,27000
252,Bengtsson,73,Sweden,16500
300,Chatzigiovanis,72,Greece,16000
2,Galanopoulos,72,Greece,16000
108,Garritano,72,Italy,16000
318,Ajorque,72,France,12000
18,Gaman,72,Romania,19000
292,Mobara,72,South Africa,19000
376,Hurmaci,72,Turkey,20000
279,Hayden,72,England,17000
376,N'Dinga,72,Congo,16000
49,Tello,72,Colombia,16000
49,Costa,72,Italy,13000
252,Rosenberg,72,Sweden,14000
199,Milligan,72,Australia,11000
282,Trybull,72,Germany,17000
201,Struna,72,Slovenia,18000
225,Castro,72,Colombia,14000
115,Arriola,72,United States,17000
324,McAuley,72,Northern Ireland,11000
252,Antonsson,72,Sweden,20000
172,Molinaro,72,Italy,18000
2,Oikonomou,72,Greece,17000
300,Insua,72,Argentina,13000
126,Kadzior,72,Poland,14000
405,Cahuzac,72,France,14000
407,Gonzalez,72,Paraguay,19000
66,Bardsley,72,Scotland,15000
434,Sema,72,Sweden,13000
43,Benito,72,Switzerland,14000
184,Gouffran,72,France,20000
52,Mulgrew,72,Scotland,11000
217,Sambueza,72,Argentina,18000
146,Mavraj,72,Albania,20000
151,Oukidja,72,Algeria,19000
70,Siovas,72,Greece,19000
190,Jelavic,72,Croatia,12000
59,Benrahma,72,Algeria,13000
255,Gunok,72,Turkey,20000
108,Izco,72,Argentina,13000
405,Goicoechea,72,Uruguay,17000
147,Boilesen,72,Denmark,20000
182,Abecasis,72,Argentina,15000
405,Sylla,72,Guinea,18000
163,Van de Streek,72,Netherlands,15000
311,Mabiala,72,DR Congo,13000
184,Biyogo Poko,72,Gabon,19000
141,Davies,72,Canada,13000
210,Arboleda,72,Colombia,18000
95,Silva,72,Paraguay,13000
173,Kebano,72,DR Congo,11000
370,Malyshev,72,Ukraine,12000
385,Morioka,72,Japan,18000
287,Koutris,72,Greece,12000
287,Meriah,72,Tunisia,14000
352,Maresic,72,Austria,11000
231,Jones,72,Northern Ireland,14000
73,Farias,72,Argentina,18000
32,Adomah,72,Ghana,14000
14,Al Muwallad,72,Saudi Arabia,12000
318,Carole,72,France,19000
228,Scuffet,72,Italy,12000
281,Alakouch,72,France,15000
240,Kuciak,72,Slovakia,15000
222,Traore,72,Mali,17000
391,Shawcross,72,England,15000
132,Ucan,72,Turkey,20000
32,Nyland,72,Norway,11000
6,Ouwejan,72,Netherlands,15000
116,Ortega,72,Germany,19000
317,Olaza,72,Uruguay,14000
188,Gudino,72,Mexico,12000
246,Jimenez,72,Colombia,14000
90,Aguilera,72,Argentina,12000
325,Ba,72,Senegal,14000
186,Holzhauser,72,Austria,11000
33,Adnan,72,Iraq,20000
398,Nelson,72,England,17000
290,Soto,72,Colombia,20000
345,Vlap,72,Netherlands,16000
6,Wuytens,72,Belgium,14000
358,Bossut,72,Belgium,19000
413,Aued,72,Argentina,20000
380,Nita,72,Romania,11000
210,Perlaza,72,Colombia,16000
324,Murphy,72,Scotland,12000
363,Ardente,72,Argentina,19000
315,Rojas,72,Paraguay,18000
38,Palacios,72,Colombia,16000
166,Berggreen,72,Denmark,16000
391,Williams,72,Wales,14000
408,Mantovani,72,Argentina,17000
316,Adams,72,United States,12000
384,Espinoza,72,Honduras,17000
116,Borner,72,Germany,16000
23,Diaz,72,Colombia,18000
272,Van Leer,72,Netherlands,20000
171,Karaman,72,Turkey,11000
284,Srarfi,72,Tunisia,15000
267,Medina,72,Colombia,14000
132,Diks,72,Netherlands,19000
351,Baluta,72,Romania,14000
93,Bertolo,72,Argentina,20000
409,Longo,72,Italy,13000
7,Kusk,72,Denmark,11000
206,Hallfrethsson,72,Iceland,20000
40,Langerak,72,Australia,18000
263,Hutchinson,72,England,15000
227,Olunga,72,Kenya,18000
192,Wiland,72,Sweden,18000
192,Curci,72,Italy,18000
106,Acosta,72,United States,14000
50,Zengin,72,Turkey,11000
134,Fernandez,72,Argentina,17000
142,Mosquera,72,Colombia,13000
184,Gurler,72,Turkey,17000
271,McCormack,72,Scotland,18000
350,Bolingoli,72,Belgium,18000
125,Marie,72,France,14000
219,Sorloth,72,Norway,19000
87,Diousse,72,Senegal,13000
242,James,72,England,16000
89,Iori,72,Italy,13000
384,Russell,72,Scotland,13000
100,Mosquera,72,Colombia,17000
439,Powell,72,England,16000
423,Gonzalez,72,Argentina,13000
283,Yacob,72,Argentina,15000
172,Chibsah,72,Ghana,13000
282,Tettey,72,Norway,19000
429,Van der Werff,72,Netherlands,16000
67,Torun,72,Turkey,18000
44,Pohjanpalo,72,Finland,16000
163,Gustafson,72,Sweden,14000
276,Ofori,72,Ghana,16000
162,Trimmel,72,Austria,13000
264,Metanire,72,Madagascar,20000
162,Schmiedebach,72,Germany,15000
83,Kiyotake,72,Japan,12000
391,Etebo,72,Nigeria,11000
365,Aoyama,72,Japan,20000
6,Johnsen,72,Norway,18000
94,Escobar,72,Argentina,14000
359,Galovic,72,Croatia,15000
301,Silbeira,72,Paraguay,20000
223,Avenatti,72,Uruguay,19000
405,Moreira,72,France,14000
70,Omeruo,72,Nigeria,18000
10,Vural,72,Turkey,13000
101,Alvarez,72,Mexico,11000
118,Fernandez,72,Argentina,20000
6,Van Rhijn,72,Netherlands,18000
32,Carroll,72,England,13000
299,Brignoli,72,Italy,13000
249,Cerci,72,Italy,17000
384,Zusi,72,United States,20000
198,Mittelstadt,72,Germany,14000
171,Hoffmann,72,Germany,11000
39,Noir,72,Argentina,20000
296,Malen,72,Netherlands,20000
424,Zoller,72,Germany,20000
9,Bande,72,Burkina Faso,15000
169,Norgaard,72,Denmark,13000
390,Fai,72,Cameroon,11000
388,Danze,72,France,13000
410,Akpa Akpro,72,Ivory Coast,15000
149,Cabot,72,France,17000
133,Djilobodji,72,Senegal,12000
343,Granat,72,Russia,15000
1,Kanon,72,Ivory Coast,19000
166,Onisiwo,72,Austria,11000
16,Williams,72,Australia,12000
280,Fontanini,72,Argentina,15000
188,Pereira,72,Mexico,19000
162,Zulj,72,Austria,13000
412,Martinez,72,Argentina,11000
354,Murgia,72,Italy,13000
193,Albornoz,72,Chile,19000
382,Terzi,72,Italy,12000
443,Donald,72,Netherlands,12000
330,Savarino,72,Venezuela,15000
164,Kololli,72,Kosovo,13000
416,Mendez,72,Uruguay,19000
49,Letizia,72,Italy,16000
172,Trotta,72,Italy,11000
22,Zozulya,72,Ukraine,12000
366,Correa,72,Argentina,16000
401,Torres Nilo,72,Mexico,15000
294,Namli,72,Denmark,15000
339,Bendtner,72,Denmark,12000
412,Zabala,72,Uruguay,12000
124,Lawrence,72,Wales,20000
25,El Hajjam,72,Morocco,17000
185,Azeez,72,Nigeria,15000
374,Lees,72,England,19000
405,Moubandje,72,Switzerland,13000
259,Shotton,72,England,17000
208,Gaibor,72,Ecuador,20000
24,Buitrago,72,Colombia,20000
202,Puncheon,72,England,18000
49,Armenteros,72,Sweden,16000
235,Peralta,72,Colombia,16000
237,Ferhat,72,Algeria,16000
96,Gomez,72,Argentina,15000
301,Gonzo,72,Paraguay,18000
350,Knasmullner,72,Austria,15000
221,Lucumi,72,Colombia,18000
3,Obasi,72,Nigeria,16000
115,Canouse,72,United States,16000
92,Pisano,72,Argentina,11000
49,Ricci,72,Italy,18000
27,Erdinc,72,Turkey,14000
32,Tuanzebe,72,England,11000
152,Scholz,72,Denmark,13000
429,Linssen,72,Netherlands,18000
198,Torunarigha,72,Germany,20000
264,Molino,72,Trinidad & Tobago,18000
88,Reyes,72,Chile,15000
375,De Sart,72,Belgium,13000
287,Masouras,72,Greece,15000
267,Zaldivar,72,Mexico,17000
338,Riano,72,Argentina,20000
217,Piedrahita,72,Colombia,19000
175,Calik,72,Turkey,17000
214,Romanczuk,72,Poland,14000
39,Nunez,72,Argentina,13000
335,Lux,72,Argentina,18000
64,Tibbling,72,Sweden,19000
126,Hajrovic,72,Bosnia Herzegovina,14000
351,Olayinka,72,Nigeria,15000
344,Holer,72,Germany,14000
344,Stenzel,72,Germany,14000
413,Lanaro,72,Argentina,13000
98,Menossi,72,Argentina,13000
405,Leya Iseka,72,Belgium,13000
311,Moreira,72,Paraguay,20000
142,Gruezo,72,Ecuador,13000
95,Rossi,72,Argentina,18000
231,Boyd,72,Scotland,18000
2,Bakakis,72,Greece,13000
7,Rinne,72,Sweden,15000
293,Limnios,72,Greece,18000
351,Zmrhal,72,Czech Republic,12000
289,Kamara,72,France,14000
2,Krsticic,72,Serbia,17000
118,Rodriguez,72,Argentina,12000
71,Rosic,72,Serbia,13000
76,Pantic,72,Serbia,20000
177,Radu,72,Romania,16000
1,Immers,72,Netherlands,11000
299,Falletti,72,Uruguay,13000
324,Foderingham,72,England,12000
258,Guemez,72,Mexico,16000
176,Higashiguchi,72,Japan,11000
406,Omur,72,Turkey,15000
381,Kombarov,72,Russia,18000
214,Novikovas,72,Lithuania,15000
283,Byram,72,England,11000
63,Brownhill,72,England,18000
340,Vaulks,72,England,12000
118,Gutierrez,72,Argentina,20000
389,Doumbia,72,Mali,18000
380,Ben Haim,72,Israel,11000
249,Ayhan,72,Turkey,18000
39,Mercier,72,Argentina,16000
320,Suarez,72,Argentina,15000
105,Borja,72,Colombia,11000
280,Aguerre,72,Argentina,14000
162,Polter,72,Germany,11000
142,Aranguiz,72,Chile,18000
69,Briseno,72,Mexico,20000
396,Omlin,72,Switzerland,20000
171,Sobottka,72,Germany,14000
348,Avila,72,Argentina,16000
247,Rybus,72,Poland,12000
329,Balde,72,Senegal,11000
284,Walter,72,France,14000
259,Assombalonga,72,DR Congo,18000
151,Boulaya,72,Algeria,14000
237,Yago,72,Burkina Faso,11000
232,Lletget,72,United States,16000
87,Pellissier,72,Italy,15000
362,Coloccini,72,Argentina,14000
132,Maietta,72,Italy,20000
233,Goiginger,72,Austria,17000
49,Caldirola,72,Italy,18000
387,Bammou,72,Morocco,16000
7,Okore,72,Denmark,20000
142,Acosta,72,Honduras,18000
423,Akolo,72,DR Congo,17000
121,Carbonero,72,Colombia,17000
182,Lucero,72,Argentina,12000
209,Arias,72,Colombia,13000
277,Murillo,72,Panama,19000
33,Mancini,72,Italy,20000
259,Friend,72,England,14000
300,Johansson,72,Sweden,12000
185,Ramos,72,Colombia,18000
283,Pantilimon,72,Romania,13000
48,Meli,72,Argentina,14000
321,Gerkens,72,Belgium,17000
218,Kean,72,Italy,16000
339,Adegbenro,72,Nigeria,13000
182,Cardona,72,Argentina,16000
202,Mbenza,72,Belgium,16000
248,Rossi,72,Uruguay,16000
344,Flekken,72,Netherlands,14000
219,Esiti,72,Nigeria,16000
428,Yamaguchi,72,Japan,20000
299,Aleesami,72,Norway,16000
344,Sallai,72,Hungary,19000
29,Galvan,72,Argentina,16000
38,Lucumi,72,Colombia,18000
218,Pinsoglio,72,Italy,17000
301,Da Silva,72,Paraguay,17000
174,Maras,72,Serbia,19000
57,Cuisance,72,France,12000
333,Verde,72,Italy,17000
11,Al Jassam,72,Saudi Arabia,11000
110,Benali,72,Libya,14000
196,Matos,72,Brazil,15000
191,Pollersbeck,72,Germany,17000
43,Nsame,72,Cameroon,17000
341,Juklerod,72,Norway,11000
315,Villalva,72,Argentina,15000
201,Quioto,72,Honduras,14000
138,Moravek,72,Czech Republic,20000
338,Allione,72,Argentina,15000
286,Medjani,72,Algeria,17000
302,Diaby,72,France,15000
444,Abarhoun,72,Morocco,19000
73,Jimenez,72,Chile,18000
38,Barcos,72,Argentina,11000
151,Delaine,72,France,13000
114,Travnik,72,Czech Republic,12000
436,Hoolahan,72,Republic of Ireland,17000
321,Vranjes,72,Bosnia Herzegovina,19000
125,Chafik,72,Morocco,17000
289,Abdennour,72,Tunisia,12000
357,Johannsson,72,United States,19000
259,Hugill,72,England,19000
133,Ikoko,72,DR Congo,11000
405,Jullien,72,France,20000
171,Drobny,72,Czech Republic,19000
176,Endo,72,Japan,15000
102,Lajud,72,Mexico,13000
99,Diatta,72,Senegal,16000
412,Bottinelli,72,Argentina,16000
387,Diomande,72,Ivory Coast,13000
150,Gerndt,72,Sweden,17000
362,Salazar,72,Argentina,15000
77,Romagna,72,Italy,17000
164,Sertic,72,France,15000
281,Landre,72,France,18000
11,Hawsawi,72,Saudi Arabia,16000
91,Gonzalez,72,United States,14000
283,Osborn,72,England,13000
108,Tutino,72,Italy,14000
303,Ceravolo,72,Italy,17000
192,Martinsson Ngouali,72,Gabon,16000
362,Poblete,72,Argentina,18000
98,Morales,72,Argentina,20000
322,Cristaldo,72,Argentina,18000
77,Ceppitelli,72,Italy,11000
134,Schunke,72,Argentina,12000
144,Mahi,72,Morocco,13000
21,Karaca,72,Turkey,16000
191,Lasogga,72,Germany,12000
366,Moreno,72,Colombia,19000
426,Pacinda,72,Slovakia,20000
342,Leye,72,Senegal,13000
187,Koulouris,72,Greece,18000
160,Moller Dehli,72,Norway,16000
99,Decarli,72,Switzerland,16000
205,Fransson,72,Sweden,17000
360,Sau,72,Italy,17000
159,Mollo,72,France,20000
156,Pongracic,72,Croatia,11000
403,Mavinga,72,DR Congo,13000
143,Jovanovic,72,Serbia,14000
204,Varga,72,Hungary,14000
77,Cerri,72,Italy,11000
1,Kishna,72,Netherlands,13000
25,Blin,72,France,17000
171,Suttner,72,Austria,13000
3,Goitom,72,Eritrea,17000
262,Montoya,72,Colombia,17000
169,Milenkovic,72,Serbia,11000
126,Petkovic,72,Croatia,14000
436,Bartley,72,England,11000
261,Mauri,72,Italy,11000
75,Droguett,72,Chile,20000
311,Guzman,72,Costa Rica,16000
436,Murphy,72,England,11000
379,Gunn,72,England,16000
376,Demir,72,Turkey,16000
370,Khocholava,72,Georgia,20000
66,Crouch,72,England,12000
382,Lamanna,72,Italy,18000
188,Villalpando,72,Mexico,15000
77,Pisacane,72,Italy,20000
364,Gomez,72,Argentina,19000
96,Garcia Guerreno,72,Paraguay,17000
2,Cosic,72,Serbia,11000
210,Castellanos,72,Colombia,16000
321,Makarenko,72,Ukraine,12000
405,Bostock,72,England,11000
13,Al Abed,72,Saudi Arabia,20000
129,Ramirez,72,Ecuador,11000
373,Duffy,72,England,14000
279,Elliot,72,Republic of Ireland,16000
341,Owusu,72,Ghana,20000
163,Bahebeck,72,France,14000
374,Hutchinson,72,England,17000
379,Bednarek,72,Poland,16000
321,Saief,72,United States,15000
29,Bobadilla,72,Paraguay,16000
344,Hofler,72,Germany,13000
239,Gytkjer,72,Denmark,14000
4,Pierre-Gabriel,72,France,11000
278,Vargas,72,Venezuela,11000
241,Forshaw,72,England,19000
75,Rubio,72,Chile,19000
423,Esswein,72,Germany,17000
413,Saez,72,Argentina,17000
220,Msakni,72,Tunisia,16000
30,Guendouzi,72,France,11000
138,Schieber,72,Germany,15000
204,Dibusz,72,Hungary,13000
131,Hrgota,72,Sweden,18000
305,Gallese,72,Peru,15000
326,Martinez,72,Argentina,19000
333,Dop,72,Croatia,17000
109,Ouattara,72,Ivory Coast,16000
40,Risdon,72,Australia,14000
25,Mendoza,72,Colombia,19000
134,Gomez,72,Argentina,15000
116,Klos,72,Germany,16000
228,Perica,72,Croatia,18000
97,Cubas,72,Argentina,19000
38,Ceppelini,72,Uruguay,18000
409,Castagnetti,72,Italy,13000
341,Arslanagic,72,Belgium,20000
230,Chery,72,Netherlands,13000
324,Barisic,72,Croatia,20000
67,Badji,72,Senegal,20000
124,Huddlestone,72,England,14000
390,Vanheusden,72,Belgium,13000
362,Castellani,72,Argentina,17000
162,Kroos,72,Germany,15000
312,Robinson,72,Republic of Ireland,19000
151,Boye,72,Ghana,16000
417,Susic,72,Bosnia Herzegovina,16000
147,Vavro,72,Slovakia,11000
123,Santos,72,Venezuela,12000
61,Kayal,72,Israel,19000
59,Jeanvier,72,France,11000
380,Stetina,72,Slovakia,13000
196,Di Carmine,72,Italy,15000
214,Runje,72,Croatia,20000
63,Kalas,72,Czech Republic,11000
390,Bastien,72,Belgium,13000
95,Alderete,72,Paraguay,16000
373,Basham,72,England,18000
433,Ledley,72,Wales,18000
367,Matri,72,Italy,19000
375,Boli,72,Ivory Coast,15000
385,Angella,72,Italy,13000
400,Menendez,72,Argentina,20000
130,Warda,72,Egypt,11000
118,Castro,72,Argentina,13000
405,Jean,72,France,19000
241,Ayling,72,England,14000
48,Lertora,72,Argentina,18000
25,Otero,72,Colombia,15000
63,Baker,72,England,18000
225,Katsande,72,Zimbabwe,11000
422,Angel,72,Venezuela,11000
133,Phiri,72,South Africa,20000
380,Chipciu,72,Romania,19000
73,Gutierrez,72,Chile,14000
350,Murg,72,Austria,11000
394,Nordfeldt,72,Sweden,19000
391,Woods,72,England,16000
95,Damonte,72,Argentina,12000
67,Shehu,72,Nigeria,19000
436,Barry,72,England,20000
33,Castagne,72,Belgium,19000
313,Orozco,72,Venezuela,14000
167,Frey,72,Switzerland,18000
248,Zimmerman,72,United States,14000
106,Howard,72,United States,19000
171,Morales,72,United States,20000
172,Ariaudo,72,Italy,12000
258,Alvarado,72,Mexico,11000
291,Dwyer,72,United States,16000
216,Nakamura,72,Japan,13000
242,Jakupovic,72,Switzerland,18000
407,Rodriguez,72,Chile,14000
42,Sunu,72,France,19000
171,Ducksch,72,Germany,19000
63,Pack,72,England,19000
415,Koroki,72,Japan,12000
390,Djenepo,72,Mali,15000
13,Al Habsi,72,Oman,20000
118,Delgado,72,Argentina,18000
287,Camara,72,Guinea,13000
360,Belec,72,Slovenia,11000
426,Kolar,72,Czech Republic,13000
360,Sala,72,Italy,18000
169,Ceccherini,72,Italy,15000
400,Carrasco,72,Chile,15000
183,Zurkowski,72,Poland,14000
126,Gavranovic,72,Switzerland,14000
300,Kace,72,Albania,18000
368,Marshall,72,United States,19000
18,Trawally,72,Gambia,15000
327,Lainez,72,Mexico,11000
240,Haraslin,72,Slovakia,16000
13,Al Shahrani,72,Saudi Arabia,19000
44,Kiese Thelin,72,Sweden,16000
394,Mulder,72,Netherlands,17000
293,Karelis,72,Greece,14000
297,Barreiro,72,Colombia,14000
230,Kravets,72,Ukraine,12000
171,Wolf,72,Germany,13000
129,Caicedo,72,Ecuador,20000
163,Van Overeem,72,Netherlands,14000
410,Di Gennaro,72,Italy,16000
107,Afful,72,Ghana,18000
424,Losilla,72,France,13000
350,Alar,72,Austria,18000
396,Fassnacht,72,Switzerland,16000
318,Kamara,72,France,16000
290,Peralta,72,Colombia,16000
128,Shabanov,72,Ukraine,19000
111,Cauteruccio,72,Uruguay,12000
117,Mushekwi,72,Zimbabwe,15000
394,McBurnie,72,Scotland,12000
424,Hoogland,72,Germany,12000
219,Rosted,72,Norway,17000
420,Robertone,72,Argentina,13000
6,Vejinovic,72,Netherlands,18000
387,Khaoui,72,Tunisia,13000
207,Hamad,72,Sweden,11000
94,Bernardi,72,Argentina,11000
289,Radonjic,72,Serbia,11000
329,Forlin,72,Argentina,20000
7,Andersen,72,Denmark,18000
80,Bennett,72,England,13000
119,Banguero,72,Colombia,11000
430,Sacko,72,Mali,13000
182,Angileri,72,Argentina,17000
380,Nhamoinesu,72,Zimbabwe,16000
191,Narey,72,Germany,11000
94,Zuqui,72,Argentina,15000
282,Stiepermann,72,Germany,11000
9,Lamprou,72,Greece,12000
81,Rizzo,72,Italy,17000
256,De Laet,72,Belgium,11000
137,Koolwijk,72,Netherlands,17000
266,Avila,72,Peru,12000
358,Seck,72,Senegal,12000
35,Gressel,72,Germany,15000
307,Brugman,72,Uruguay,18000
17,Mboyo,72,Belgium,16000
212,Bialkowski,72,Poland,16000
133,Mendy,72,France,16000
420,Dominguez,72,Argentina,18000
259,Van La Parra,72,Netherlands,12000
212,Collins,72,Wales,18000
186,Sigurjonsson,72,Iceland,19000
290,Nieto,72,Colombia,11000
424,Kruse,72,Australia,20000
87,Andreolli,72,Italy,19000
39,Carrera,71,Argentina,7000
60,Tonali,71,Italy,8000
148,Kessler,71,Germany,9500
412,Fragapane,71,Argentina,8500
38,Candelo,71,Colombia,5500
429,Beerens,71,Netherlands,6000
197,Peterson,71,Sweden,8500
224,Coopman,71,Belgium,6000
162,Friedrich,71,Germany,8000
345,Thorsby,71,Norway,8500
426,Hejda,71,Czech Republic,10000
124,Cole,71,England,9500
385,Perbet,71,France,6500
154,Valentini,71,Germany,5500
163,Kramer,71,Netherlands,9500
403,Osorio,71,Canada,5500
322,Soto,71,Argentina,9000
146,Matip,71,Cameroon,8500
219,Yaremchuk,71,Ukraine,7500
26,Andreu,71,France,6500
101,Barragan,71,Mexico,5500
67,Latovlevici,71,Romania,9500
51,Dean,71,England,8500
297,Aguirre,71,Mexico,9000
188,Sanchez,71,Mexico,7000
221,Paintsil,71,Ghana,7000
312,Davies,71,England,9000
250,Wiedwald,71,Germany,9000
100,Montes,71,Mexico,7500
299,Bellusci,71,Italy,9500
51,Jutkiewicz,71,England,6500
112,Sako,71,Mali,9500
352,Siebenhandl,71,Austria,9000
338,Ortigoza,71,Paraguay,8500
145,Muller,71,Germany,9500
306,El Yamiq,71,Morocco,7000
421,Schiavone,71,Italy,7000
161,Morishige,71,Japan,8000
107,Valenzuela,71,Argentina,8000
169,Fernandes,71,Switzerland,6000
134,Pavone,71,Argentina,10000
264,Finlay,71,United States,6000
144,Memisevic,71,Bosnia Herzegovina,9000
375,Steppe,71,Belgium,7500
182,Elias,71,Argentina,9500
329,Alanis,71,Mexico,9000
354,Bonifazi,71,Italy,9500